{
    "Forecast_demand": {
        "0": 79.2564358901419,
        "1": 88.85038433176571,
        "2": 166.6246942237459,
        "3": 113.13717682218991,
        "4": 118.93952106823625,
        "5": 124.61483432740133,
        "6": 125.94158140239796,
        "7": 118.98819379708306,
        "8": 113.10263714480364,
        "9": 103.57439179810852,
        "10": 95.20170270191402,
        "11": 89.23726652299644,
        "12": 89.43899676515207,
        "13": 96.07101462886725,
        "14": 94.8265700947584,
        "15": 108.25363791246411,
        "16": 109.835249951598,
        "17": 113.1214575800624,
        "18": 102.26629527583285,
        "19": 99.65212286286902,
        "20": 74.50248364661357,
        "21": 71.97305714864397,
        "22": 79.70439801354908,
        "23": 84.0630256634605
    }
}