{
    "heat_demand": {
        "1": 36.61250071,
        "2": 47.854167179,
        "3": 182.6416707,
        "4": 95.566668485,
        "5": 146.48333551,
        "6": 95.44166814,
        "7": 81.99583521,
        "8": 64.933334943,
        "9": 64.320834386,
        "10": 55.141668164,
        "11": 51.250000722,
        "12": 47.612500988,
        "13": 51.112500725,
        "14": 56.004167568,
        "15": 65.350000955,
        "16": 83.90416821,
        "17": 104.1916686,
        "18": 78.237502111,
        "19": 93.133334117,
        "20": 78.454168422,
        "21": 14.370833717,
        "22": 20.12500004,
        "23": 15.208333731000002,
        "24": 29.641666927
    }
}