{
    "heat_demand": {
        "1": 115.450000959,
        "2": 175.5250034,
        "3": 304.20417031,
        "4": 208.912504879,
        "5": 251.22917287,
        "6": 255.12083663,
        "7": 201.05000488,
        "8": 185.09583596,
        "9": 138.179169763,
        "10": 141.70000136,
        "11": 98.695834651,
        "12": 88.85416896800001,
        "13": 102.208335482,
        "14": 144.33333484,
        "15": 121.03333523,
        "16": 181.27917012,
        "17": 181.80000368,
        "18": 207.70833667,
        "19": 160.40000204,
        "20": 167.17917033,
        "21": 79.304168183,
        "22": 110.379168623,
        "23": 111.491668834,
        "24": 133.675002106
    }
}