{
    "heat_demand": {
        "1": 14.012500315,
        "2": 22.541666765,
        "3": 178.00000433,
        "4": 26.350000514,
        "5": 43.370834547,
        "6": 27.212500281,
        "7": 42.654167549,
        "8": 32.625000541,
        "9": 80.95416842,
        "10": 73.716667259,
        "11": 69.825001118,
        "12": 35.479167292,
        "13": 36.42916726,
        "14": 33.345834012,
        "15": 59.295834523,
        "16": 48.145833945,
        "17": 59.070834142,
        "18": 90.78750162,
        "19": 50.379167398,
        "20": 62.400001488,
        "21": 21.383333633,
        "22": 14.170833602999998,
        "23": 7.529166745,
        "24": 17.058333349
    }
}