{
    "heat_demand": {
        "1": 94.750001991,
        "2": 124.150002402,
        "3": 271.94583801,
        "4": 127.325002382,
        "5": 146.900001648,
        "6": 120.500002862,
        "7": 132.204168034,
        "8": 135.225001776,
        "9": 138.40417069,
        "10": 66.858335277,
        "11": 79.53750133,
        "12": 81.320834747,
        "13": 65.39166877299999,
        "14": 87.741668266,
        "15": 81.01666798,
        "16": 112.65000135,
        "17": 124.53333493,
        "18": 94.966668891,
        "19": 96.737502188,
        "20": 87.170834682,
        "21": 37.904167271,
        "22": 49.270834498,
        "23": 28.350000691,
        "24": 25.575000268
    }
}