{
    "heat_demand": {
        "1": 28.854167166,
        "2": 23.866667196,
        "3": 150.970835773,
        "4": 50.650001026,
        "5": 49.291667767,
        "6": 61.050000566,
        "7": 25.495833655,
        "8": 24.879167275,
        "9": 33.804167136,
        "10": 56.566667816,
        "11": 51.833333934,
        "12": 21.204167131,
        "13": 72.18750155,
        "14": 35.704167154,
        "15": 29.733334119,
        "16": 65.45416837,
        "17": 69.825000948,
        "18": 80.129167377,
        "19": 63.725000974,
        "20": 60.066667328,
        "21": 12.116666844,
        "22": 16.525000416,
        "23": 20.437500429,
        "24": 0.7916666870000001
    }
}