{
    "heat_demand": {
        "1": 176.46666929,
        "2": 181.73333748,
        "3": 195.45000252,
        "4": 210.9916722,
        "5": 314.27083929,
        "6": 322.8083396,
        "7": 317.29583853,
        "8": 227.71250398,
        "9": 166.61250382,
        "10": 85.933334593,
        "11": 65.808334316,
        "12": 95.312501351,
        "13": 78.191667819,
        "14": 117.687501865,
        "15": 115.625001905,
        "16": 130.32500231,
        "17": 119.83750104,
        "18": 106.654168159,
        "19": 180.883338054,
        "20": 151.445836315,
        "21": 102.925001623,
        "22": 88.412501494,
        "23": 88.070834744,
        "24": 116.666669288
    }
}