{
    "heat_demand": {
        "1": 48.51138747105481,
        "2": 58.17839255077183,
        "3": 114.32872597260044,
        "4": 78.72364498307705,
        "5": 84.38877841842422,
        "6": 82.15035628536044,
        "7": 80.13203214846453,
        "8": 74.76639884351817,
        "9": 72.62558474337624,
        "10": 65.16105647076276,
        "11": 60.90148355311131,
        "12": 55.48385800993535,
        "13": 58.77513014660398,
        "14": 65.43675317162,
        "15": 69.18415381362038,
        "16": 72.44909274905397,
        "17": 75.50375603860086,
        "18": 82.06584152917786,
        "19": 75.63601599112,
        "20": 66.29592286719881,
        "21": 45.506467947662,
        "22": 49.01615567327371,
        "23": 47.847123938977546,
        "24": 48.92791867170982
    }
}