{
    "heat_demand": {
        "1": 99.06043762403417,
        "2": 117.4738755440198,
        "3": 228.72247882556243,
        "4": 155.5176060132423,
        "5": 164.88238256743887,
        "6": 159.37807874227315,
        "7": 153.94431659204227,
        "8": 142.05995775185283,
        "9": 136.38271999666762,
        "10": 121.0224347828981,
        "11": 111.92665537917144,
        "12": 100.80089722320648,
        "13": 105.2263711654632,
        "14": 116.221498815985,
        "15": 120.84641349088552,
        "16": 125.42539299404964,
        "17": 129.16054586953098,
        "18": 138.85946061939475,
        "19": 127.00408036274972,
        "20": 110.22274555238766,
        "21": 74.69406518063937,
        "22": 79.48171643353176,
        "23": 76.52417463818105,
        "24": 77.0957006918175
    }
}