{
    "Scenario1": {
        "Probability": 0.003325635395053964,
        "1": 74.15854780013265,
        "2": 116.05627513486333,
        "3": 270.0753095429477,
        "4": 89.42365604590086,
        "5": 164.64603863979465,
        "6": 103.95450937665474,
        "7": 112.41603177991018,
        "8": 120.32240239695605,
        "9": 195.0347899614104,
        "10": 64.42236475295142,
        "11": 111.25096374568923,
        "12": 65.27362472317373,
        "13": 80.85853443616932,
        "14": 94.99883401423591,
        "15": 130.6125590589945,
        "16": 182.7060801845854,
        "17": 162.38762462254167,
        "18": 204.46390451345837,
        "19": 162.85261967291171,
        "20": 135.41598450930172,
        "21": 64.89301075562557,
        "22": 105.79251653986543,
        "23": 125.72721612021473,
        "24": 93.25702422246873
    },
    "Scenario2": {
        "Probability": 0.0023419330639822475,
        "1": 52.7139022367997,
        "2": 49.744731320196735,
        "3": 270.0753095429477,
        "4": 89.42365604590086,
        "5": 139.02475026467286,
        "6": 130.20453928312617,
        "7": 161.5945748022133,
        "8": 120.32240239695605,
        "9": 170.09670614654394,
        "10": 93.55047952641544,
        "11": 111.25096374568923,
        "12": 135.47790427964097,
        "13": 155.7698047322217,
        "14": 118.18886698711142,
        "15": 79.822265465474,
        "16": 154.26296054959386,
        "17": 162.38762462254167,
        "18": 176.63372345620172,
        "19": 162.85261967291171,
        "20": 135.41598450930172,
        "21": 83.1941321156152,
        "22": 37.594109921522616,
        "23": 65.21602519334516,
        "24": 93.25702422246873
    },
    "Scenario3": {
        "Probability": 4.551988959322916e-09,
        "1": 9.824611110133773,
        "2": 160.26397101130772,
        "3": 235.73627155394212,
        "4": 58.65556336806773,
        "5": 139.02475026467286,
        "6": 103.95450937665474,
        "7": 186.18384631336485,
        "8": 173.27948611303935,
        "9": 70.34437088707813,
        "10": 122.67859429987945,
        "11": 111.25096374568923,
        "12": 88.67505124199614,
        "13": 130.79938130020423,
        "14": 118.18886698711142,
        "15": 105.21741226223426,
        "16": 182.7060801845854,
        "17": 218.56245425068846,
        "18": 148.80354239894507,
        "19": 115.8073642376274,
        "20": 73.98066706294401,
        "21": 46.591889395635924,
        "22": 122.84211819445113,
        "23": 65.21602519334516,
        "24": 93.25702422246873
    },
    "Scenario4": {
        "Probability": 0.05286809127650022,
        "1": 52.7139022367997,
        "2": 71.84857925841894,
        "3": 201.39723356493656,
        "4": 120.19174872373398,
        "5": 164.64603863979465,
        "6": 130.20453928312617,
        "7": 137.00530329106175,
        "8": 146.80094425499772,
        "9": 95.28245470194457,
        "10": 151.80670907334346,
        "11": 83.8455374443859,
        "12": 135.47790427964097,
        "13": 105.82895786818679,
        "14": 141.37889995998694,
        "15": 130.6125590589945,
        "16": 182.7060801845854,
        "17": 162.38762462254167,
        "18": 232.29408557071503,
        "19": 139.32999195526955,
        "20": 135.41598450930172,
        "21": 101.49525347560485,
        "22": 105.79251653986543,
        "23": 65.21602519334516,
        "24": 93.25702422246873
    },
    "Scenario5": {
        "Probability": 0.00014731788688366015,
        "1": 74.15854780013265,
        "2": 116.05627513486333,
        "3": 235.73627155394212,
        "4": 89.42365604590086,
        "5": 87.78217351442929,
        "6": 103.95450937665474,
        "7": 137.00530329106175,
        "8": 146.80094425499772,
        "9": 195.0347899614104,
        "10": 180.9348238468075,
        "11": 138.65639004699256,
        "12": 65.27362472317373,
        "13": 80.85853443616932,
        "14": 118.18886698711142,
        "15": 156.00770585575472,
        "16": 97.37672127961079,
        "17": 162.38762462254167,
        "18": 176.63372345620172,
        "19": 162.85261967291171,
        "20": 135.41598450930172,
        "21": 101.49525347560485,
        "22": 71.69331323069403,
        "23": 145.89761309583793,
        "24": 113.47079897135625
    },
    "Scenario6": {
        "Probability": 0.0008306800879201203,
        "1": 74.15854780013265,
        "2": 93.95242719664112,
        "3": 201.39723356493656,
        "4": 120.19174872373398,
        "5": 113.40346188955107,
        "6": 103.95450937665474,
        "7": 161.5945748022133,
        "8": 173.27948611303935,
        "9": 145.1586223316775,
        "10": 151.80670907334346,
        "11": 56.44011114308256,
        "12": 158.8793307984634,
        "13": 105.82895786818679,
        "14": 187.75896590573797,
        "15": 156.00770585575472,
        "16": 182.7060801845854,
        "17": 162.38762462254167,
        "18": 176.63372345620172,
        "19": 162.85261967291171,
        "20": 155.89442365808762,
        "21": 64.89301075562557,
        "22": 71.69331323069403,
        "23": 45.045628217721955,
        "24": 113.47079897135625
    },
    "Scenario7": {
        "Probability": 0.00029400131033219235,
        "1": 74.15854780013265,
        "2": 93.95242719664112,
        "3": 167.05819557593097,
        "4": 181.72793407940023,
        "5": 164.64603863979465,
        "6": 156.4545691895976,
        "7": 161.5945748022133,
        "8": 146.80094425499772,
        "9": 120.22053851681103,
        "10": 151.80670907334346,
        "11": 166.0618163482959,
        "12": 112.07647776081856,
        "13": 130.79938130020423,
        "14": 164.56893293286245,
        "15": 130.6125590589945,
        "16": 154.26296054959386,
        "17": 162.38762462254167,
        "18": 260.1242666279717,
        "19": 139.32999195526955,
        "20": 176.3728628068735,
        "21": 83.1941321156152,
        "22": 88.74291488527973,
        "23": 85.38642216896835,
        "24": 93.25702422246873
    },
    "Scenario8": {
        "Probability": 5.805453503739597e-07,
        "1": 74.15854780013265,
        "2": 71.84857925841894,
        "3": 304.4143475319533,
        "4": 89.42365604590086,
        "5": 87.78217351442929,
        "6": 130.20453928312617,
        "7": 87.82676026875862,
        "8": 199.758027971081,
        "9": 145.1586223316775,
        "10": 35.29424997948742,
        "11": 56.44011114308256,
        "12": 135.47790427964097,
        "13": 80.85853443616932,
        "14": 118.18886698711142,
        "15": 206.7979994492752,
        "16": 154.26296054959386,
        "17": 190.47503943661508,
        "18": 204.46390451345837,
        "19": 139.32999195526955,
        "20": 135.41598450930172,
        "21": 83.1941321156152,
        "22": 54.643711576108316,
        "23": 45.045628217721955,
        "24": 113.47079897135625
    },
    "Scenario9": {
        "Probability": 8.176616652054608e-07,
        "1": 74.15854780013265,
        "2": 71.84857925841894,
        "3": 132.7191575869254,
        "4": 89.42365604590086,
        "5": 87.78217351442929,
        "6": 182.70459909606905,
        "7": 87.82676026875862,
        "8": 146.80094425499772,
        "9": 70.34437088707813,
        "10": 122.67859429987945,
        "11": 111.25096374568923,
        "12": 88.67505124199614,
        "13": 130.79938130020423,
        "14": 94.99883401423591,
        "15": 156.00770585575472,
        "16": 154.26296054959386,
        "17": 162.38762462254167,
        "18": 148.80354239894507,
        "19": 186.37524739055388,
        "20": 155.89442365808762,
        "21": 101.49525347560485,
        "22": 88.74291488527973,
        "23": 125.72721612021473,
        "24": 32.615699975806194
    },
    "Scenario10": {
        "Probability": 0.29810684662083153,
        "1": 52.7139022367997,
        "2": 93.95242719664112,
        "3": 201.39723356493656,
        "4": 150.9598414015671,