{
    "heat_demand": {
        "1": 41.5022780829193,
        "2": 49.06559264488647,
        "3": 92.88985467441286,
        "4": 67.32048210943881,
        "5": 73.15214018578403,
        "6": 67.68295121811272,
        "7": 62.77033253507435,
        "8": 57.72678598818025,
        "9": 52.57952065453827,
        "10": 48.62017711608393,
        "11": 47.43506494465537,
        "12": 41.96223203325124,
        "13": 64.28088296485663,
        "14": 56.63189534133211,
        "15": 50.45120845250373,
        "16": 37.72446193865674,
        "17": 36.97850320140872,
        "18": 37.82787638352678,
        "19": 37.93996505765984
    }
}