{
    "heat_demand": {
        "1": 81.05113152884182,
        "2": 97.44842786881556,
        "3": 192.03364610736577,
        "4": 132.01315153012757,
        "5": 142.51977787902314,
        "6": 139.37677539732078,
        "7": 135.69912709787587,
        "8": 125.97348909821372,
        "9": 121.45243932154894,
        "10": 107.9704062422988,
        "11": 99.66884270032322,
        "12": 89.4224884791581,
        "13": 92.75963546383709,
        "14": 102.19244170228394,
        "15": 106.14843586719743,
        "16": 110.05068613463062,
        "17": 113.23631811190089,
        "18": 121.57092954143916,
        "19": 111.28577091113831,
        "20": 96.70640285602106,
        "21": 65.74477343597736,
        "22": 69.92696944665533,
        "23": 67.79687851705282,
        "24": 68.4463630096942
    }
}