{
    "heat_demand": {
        "1": 124.98977175223166,
        "2": 145.55580401563068,
        "3": 275.34757457519004,
        "4": 181.00211485371895,
        "5": 182.70854845981543,
        "6": 178.58838689263337,
        "7": 195.4773022704869,
        "8": 200.11534958005032,
        "9": 186.4453130916542,
        "10": 160.56926082393596,
        "11": 150.61282005659123,
        "12": 141.41466853693493,
        "13": 133.40512422335576,
        "14": 139.61050073082015,
        "15": 152.80114488826212,
        "16": 171.85827064548394,
        "17": 171.5341304119872,
        "18": 178.35152725133648,
        "19": 153.3314250720682,
        "20": 132.47381735894965,
        "21": 95.28573333752256,
        "22": 97.90609449736564,
        "23": 95.05502121218576,
        "24": 98.00286992271262
    }
}