{
    "heat_demand": {
        "1": 135.15061181450838,
        "2": 140.08535739478708,
        "3": 170.3546928808208,
        "4": 340.49755291173966,
        "5": 229.08422253585388,
        "6": 255.1845791554097,
        "7": 248.01395260568037,
        "8": 242.101132014176,
        "9": 215.44248460237327,
        "10": 206.93415368972776,
        "11": 182.3670403524598,
        "12": 171.8366246043283,
        "13": 166.19783497223648,
        "14": 160.90757204677286,
        "15": 176.93781365015934,
        "16": 191.2763130466887,
        "17": 228.64643874489005,
        "18": 211.6544704401648,
        "19": 234.0130373647012,
        "20": 208.03190809814575,
        "21": 188.94772486552048,
        "22": 126.83280455485676,
        "23": 132.2077866294814,
        "24": 126.23810906515544
    }
}