{
    "heat_demand": {
        "1": 39.40186428386688,
        "2": 46.99019330041012,
        "3": 91.74858204272488,
        "4": 62.7855768295266,
        "5": 66.8230485866035,
        "6": 64.71169606335478,
        "7": 62.796379814695335,
        "8": 58.38091571186399,
        "9": 56.659616665148384,
        "10": 50.83435300139382,
        "11": 47.525701483613865,
        "12": 43.30997143763789,
        "13": 45.74714473190393,
        "14": 51.05765311969239,
        "15": 53.69373253159641,
        "16": 56.35058896554058,
        "17": 58.58275524282116,
        "18": 63.49779614741502,
        "19": 58.7572408082085,
        "20": 51.71770545348561,
        "21": 35.60641572665511,
        "22": 38.43372389253476,
        "23": 37.5935876020928,
        "24": 38.48343443804244
    }
}