{
    "heat_demand": {
        "1": 139.937668339119,
        "2": 140.39053729441363,
        "3": 165.5815428233356,
        "4": 319.63296993264777,
        "5": 215.7515717308036,
        "6": 226.58145733114856,
        "7": 215.79638746171744,
        "8": 206.26958320742128,
        "9": 188.24892319160315,
        "10": 179.26940277138513,
        "11": 158.11926819533474,
        "12": 145.28287156113748,
        "13": 129.5406817465954,
        "14": 133.69870860169152,
        "15": 145.2541894703969,
        "16": 148.79310899576805,
        "17": 151.89734126679798,
        "18": 153.6632623885393,
        "19": 162.47380595678865,
        "20": 145.7244861203352,
        "21": 124.937233336427,
        "22": 83.85364843688679,
        "23": 88.74649455644395,
        "24": 85.05704883608287
    }
}