{
    "heat_demand": {
        "1": 151.78628826127118,
        "2": 160.7009078596006,
        "3": 195.29041728599813,
        "4": 394.0458316442079,
        "5": 266.3641061148016,
        "6": 281.6852398111608,
        "7": 266.28574870455805,
        "8": 268.41417368096984,
        "9": 238.4739644706144,
        "10": 231.5940050226644,
        "11": 224.1052296668298,
        "12": 208.78136528755968,
        "13": 192.27703052900512,
        "14": 206.4944217585806,
        "15": 226.54533720532223,
        "16": 240.53164038244472,
        "17": 254.70494284928196,
        "18": 250.2248433595105,
        "19": 250.44933593115243,
        "20": 234.35565873430497,
        "21": 210.79545713241777,
        "22": 155.88589374017224,
        "23": 160.55316686125187,
        "24": 162.1793556649013
    }
}