{
    "heat_demand": {
        "1": 38.60309761638592,
        "2": 46.163915997180695,
        "3": 90.27590691534829,
        "4": 61.86315024214471,
        "5": 66.02640025718766,
        "6": 64.04517879355971,
        "7": 62.188697375537984,
        "8": 57.7660936975,
        "9": 55.99101083967842,
        "10": 50.22995456080667,
        "11": 46.9503010776797,
        "12": 42.74683675585427,
        "13": 45.15265311342145,
        "14": 50.39094262394995,
        "15": 53.03572656804096,
        "16": 55.80877063482933,
        "17": 58.22370314127439,
        "18": 63.291447011518855,
        "19": 58.52910941859148,
        "20": 51.53707796558231,
        "21": 35.499240108725246,
        "22": 38.35922005105117,
        "23": 37.56230812843012,
        "24": 38.51316995765527
    }
}