{
    "Scenario1": {
        "Probability": 0.008036180089529386,
        "1": -17.017851531470235,
        "2": 37.44621405731088,
        "3": 60.22592239374962,
        "4": -10.892390642296789,
        "5": 96.30965212639605,
        "6": 34.64480403573461,
        "7": 50.52317275893367,
        "8": -4.15617522296867,
        "9": 51.73628070822568,
        "10": -17.87567566942416,
        "11": -24.79772118046104,
        "12": 30.938157099162424,
        "13": 5.765079693539619,
        "14": -7.025863124738841,
        "15": 13.405340788626027,
        "16": 43.50519539657556,
        "17": 22.864508307754285,
        "18": 58.94299659421233,
        "19": 85.17520288012449,
        "20": 25.302769887900876,
        "21": -2.9834486280062436,
        "22": 36.095362993612085,
        "23": 16.461206263821154,
        "24": 40.08809430511352
    },
    "Scenario2": {
        "Probability": 0.0014150787183601948,
        "1": 25.871439595195696,
        "2": 37.44621405731088,
        "3": 94.5649603827552,
        "4": 50.64379471336946,
        "5": 70.68836375127425,
        "6": 60.89483394220605,
        "7": 25.93390124778211,
        "8": 22.322366635072974,
        "9": 51.73628070822568,
        "10": 69.50866865096788,
        "11": 2.607705120842297,
        "12": 30.938157099162424,
        "13": 5.765079693539619,
        "14": 108.92430173963871,
        "15": 38.800487585386264,
        "16": 71.9483150315671,
        "17": -33.310321320392525,
        "18": 3.282634479699027,
        "19": 85.17520288012449,
        "20": 4.82433073911497,
        "21": 51.91991545196269,
        "22": -15.05344197014503,
        "23": 36.631603239444345,
        "24": 19.874319556226006
    },
    "Scenario3": {
        "Probability": 0.00025199017898081195,
        "1": 47.316085158528665,
        "2": -6.7614818191335075,
        "3": 163.24303636076635,
        "4": 112.17998006903571,
        "5": 121.93094050151782,
        "6": 113.39489375514891,
        "7": 1.3446297366305586,
        "8": 48.80090849311462,
        "9": 51.73628070822568,
        "10": 69.50866865096788,
        "11": 57.41855772344896,
        "12": 54.33958361798484,
        "13": 30.73550312555708,
        "14": 62.54423579388769,
        "15": 114.98592797566698,
        "16": 43.50519539657556,
        "17": 107.12675274997449,
        "18": 3.282634479699027,
        "19": 61.65257516248233,
        "20": 45.78120903668678,
        "21": 15.317672731983397,
        "22": 19.045761339026384,
        "23": 36.631603239444345,
        "24": -20.553229941549013
    },
    "Scenario4": {
        "Probability": 0.03191007496515986,
        "1": -17.017851531470235,
        "2": 37.44621405731088,
        "3": 128.90399837176076,
        "4": 81.41188739120258,
        "5": 96.30965212639605,
        "6": 34.64480403573461,
        "7": 50.52317275893367,
        "8": -4.15617522296867,
        "9": 76.67436452309214,
        "10": 40.380553877503864,
        "11": 30.013131422145626,
        "12": 30.938157099162424,
        "13": 5.765079693539619,
        "14": 108.92430173963871,
        "15": 38.800487585386264,
        "16": 15.062075761584019,
        "17": 79.03933793590109,
        "18": 86.77317765146898,
        "19": 85.17520288012449,
        "20": 45.78120903668678,
        "21": 15.317672731983397,
        "22": 19.045761339026384,
        "23": 56.802000215067544,
        "24": 60.30186905400103
    },
    "Scenario5": {
        "Probability": 0.35908720383098014,
        "1": 4.426794031862734,
        "2": 81.65390993375527,
        "3": 94.5649603827552,
        "4": 50.64379471336946,
        "5": 45.06707537615247,
        "6": 34.64480403573461,
        "7": 50.52317275893367,
        "8": 48.80090849311462,
        "9": 51.73628070822568,
        "10": 40.380553877503864,
        "11": 84.82398402475229,
        "12": 7.536730580340013,
        "13": 30.73550312555708,
        "14": 39.35420282101217,
        "15": 114.98592797566698,
        "16": 43.50519539657556,
        "17": 22.864508307754285,
        "18": 86.77317765146898,
        "19": 38.12994744484017,
        "20": 66.25964818547268,
        "21": 15.317672731983397,
        "22": 36.095362993612085,
        "23": 16.461206263821154,
        "24": 19.874319556226006
    },
    "Scenario6": {
        "Probability": 0.5072789273313186,
        "1": 4.426794031862734,
        "2": 37.44621405731088,
        "3": 94.5649603827552,
        "4": 50.64379471336946,
        "5": 45.06707537615247,
        "6": 8.394774129263183,
        "7": 50.52317275893367,
        "8": 48.80090849311462,
        "9": 76.67436452309214,
        "10": 69.50866865096788,
        "11": 30.013131422145626,
        "12": 30.938157099162424,
        "13": -19.205343738477836,
        "14": 62.54423579388769,
        "15": 38.800487585386264,
        "16": 15.062075761584019,
        "17": 22.864508307754285,
        "18": 86.77317765146898,
        "19": 61.65257516248233,
        "20": -15.654108409670926,
        "21": 15.317672731983397,
        "22": 19.045761339026384,
        "23": 16.461206263821154,
        "24": 19.874319556226006
    },
    "Scenario7": {
        "Probability": 0.0014208948312983496,
        "1": 4.426794031862734,
        "2": 59.550061995533085,
        "3": 163.24303636076635,
        "4": 81.41188739120258,
        "5": 45.06707537615247,
        "6": 60.89483394220605,
        "7": 99.70171578123679,
        "8": 22.322366635072974,
        "9": 51.73628070822568,
        "10": 40.380553877503864,
        "11": 30.013131422145626,
        "12": -15.864695938482406,
        "13": 30.73550312555708,
        "14": 62.54423579388769,
        "15": 13.405340788626027,
        "16": 15.062075761584019,
        "17": 50.95192312182769,
        "18": 114.60335870872564,
        "19": 38.12994744484017,
        "20": 4.82433073911497,
        "21": 15.317672731983397,
        "22": 53.14496464819779,
        "23": 56.802000215067544,
        "24": -40.76700469043653
    },
    "Scenario8": {
        "Probability": 0.00025020320779247843,
        "1": 47.316085158528665,
        "2": 37.44621405731088,
        "3": 25.886884404744052,
        "4": 50.64379471336946,
        "5": 121.93094050151782,
        "6": 60.89483394220605,
        "7": 50.52317275893367,
        "8": 22.322366635072974,
        "9": 26.798196893359222,
        "10": 11.252439104039858,
        "11": 57.41855772344896,
        "12": 54.33958361798484,
        "13": 5.765079693539619,
        "14": 39.35420282101217,
        "15": 38.800487585386264,
        "16": 15.062075761584019,
        "17": 107.12675274997449,
        "18": 142.4335397659823,
        "19": 38.12994744484017,
        "20": 45.78120903668678,
        "21": -21.284569987995887,
        "22": -32.10304362473073,
        "23": 16.461206263821154,
        "24": 19.874319556226006
    },
    "Scenario9": {
        "Probability": 1.5738881879409976e-05,
        "1": 25.871439595195696,
        "2": 15.342366119088688,
        "3": 128.90399837176076,
        "4": 81.41188739120258,
        "5": 70.68836375127425,
        "6": 8.394774129263183,
        "7": 25.93390124778211,
        "8": 48.80090849311462,
        "9": 101.6124483379586,
        "10": 11.252439104039858,
        "11": 57.41855772344896,
        "12": 54.33958361798484,
        "13": 105.64677342160945,
        "14": 39.35420282101217,
        "15": 38.800487585386264,
        "16": -13.38104387340752,
        "17": -33.310321320392525,
        "18": 86.77317765146898,
        "19": 85.17520288012449,
        "20": 86.7380873342586,
        "21": 33.618794091973044,
        "22": 19.045761339026384,
        "23": -44.049984663048434,
        "24": 60.30186905400103
    },
    "Scenario10": {
        "Probability": 0.09033370796470068,
        "1": 25.871439595195696,
        "2": -6.7614818191335075,
        "3": 94.5649603827552,
        "4": 112.17998006903571,