{
    "Scenario69": {
        "Probability": 0.11653666582309984,
        "1": 5.225560699343696,
        "2": 60.37633929876251,
        "3": 130.37667349913735,
        "4": 51.566221300751344,
        "5": 71.4850120806901,
        "6": 114.06141102494398,
        "7": 51.13085519809102,
        "8": 22.93718864943697,
        "9": 27.46680271882919,
        "10": 11.856837544627012,
        "11": 30.588531828079795,
        "12": 54.902718299768466,
        "13": 31.32999474403956,
        "14": 16.8308803438791,
        "15": 14.06334675218148,
        "16": 72.49013336227836,
        "17": 51.310975223374456,
        "18": 59.1493457301085,
        "19": 61.88070655209935,
        "20": 66.440275673376,
        "21": -2.876273010076382,
        "22": 2.0706635259242745,
        "23": -3.6779112381393517,
        "24": 19.84458403661317
    },
    "Scenario125": {
        "Probability": 0.09899493230030512,
        "1": 48.11485182600963,
        "2": 16.168643422318112,
        "3": 164.71571148814294,
        "4": 51.566221300751344,
        "5": 97.10630045581189,
        "6": 35.311321305529674,
        "7": 26.54158368693946,
        "8": 22.93718864943697,
        "9": 77.3429703485621,
        "10": 40.98495231809102,
        "11": 3.1831055267764654,
        "12": 31.501291780946048,
        "13": 31.32999474403956,
        "14": 63.21094628963013,
        "15": 64.85364034570195,
        "16": 44.04701372728681,
        "17": 23.22356040930105,
        "18": 59.1493457301085,
        "19": 61.88070655209935,
        "20": 45.961836524590076,
        "21": 33.725969709902905,
        "22": 2.0706635259242745,
        "23": 16.49248573748384,
        "24": -0.36919071227434586
    },
    "Scenario265": {
        "Probability": 0.1676797061457716,
        "1": 26.670206262676658,
        "2": 38.27249136054031,
        "3": 164.71571148814294,
        "4": 20.79812862291822,
        "5": 97.10630045581189,
        "6": 35.311321305529674,
        "7": 26.54158368693946,
        "8": 75.89427236552025,
        "9": 77.3429703485621,
        "10": 11.856837544627012,
        "11": 3.1831055267764654,
        "12": 54.902718299768466,
        "13": 6.359571312022098,
        "14": 63.21094628963013,
        "15": 64.85364034570195,
        "16": 15.60389409229527,
        "17": 79.39839003744785,
        "18": 59.1493457301085,
        "19": 38.35807883445719,
        "20": 45.961836524590076,
        "21": 15.424848349913258,
        "22": 2.0706635259242745,
        "23": 36.66288271310703,
        "24": -0.36919071227434586
    },
    "Scenario395": {
        "Probability": 0.09267771128451038,
        "1": 5.225560699343696,
        "2": 38.27249136054031,
        "3": 96.03763551013179,
        "4": 82.33431397858448,
        "5": 71.4850120806901,
        "6": 87.81138111847255,
        "7": 51.13085519809102,
        "8": 75.89427236552025,
        "9": 77.3429703485621,
        "10": 40.98495231809102,
        "11": 85.39938443068647,
        "12": 31.501291780946048,
        "13": 6.359571312022098,
        "14": 40.020913316754616,
        "15": 14.06334675218148,
        "16": 15.60389409229527,
        "17": 51.310975223374456,
        "18": 59.1493457301085,
        "19": 38.35807883445719,
        "20": 45.961836524590076,
        "21": -2.876273010076382,
        "22": 36.169866835095675,
        "23": 16.49248573748384,
        "24": -0.36919071227434586
    },
    "Scenario481": {
        "Probability": 0.08192102055333983,
        "1": 26.670206262676658,
        "2": 38.27249136054031,
        "3": 130.37667349913735,
        "4": 51.566221300751344,
        "5": 71.4850120806901,
        "6": 114.06141102494398,
        "7": 26.54158368693946,
        "8": 49.415730507478614,
        "9": 52.404886533695645,
        "10": 40.98495231809102,
        "11": 3.1831055267764654,
        "12": 31.501291780946048,
        "13": 6.359571312022098,
        "14": 40.020913316754616,
        "15": 64.85364034570195,
        "16": 72.49013336227836,
        "17": 23.22356040930105,
        "18": 86.97952678736516,
        "19": 85.40333426974152,
        "20": 45.961836524590076,
        "21": -2.876273010076382,
        "22": 36.169866835095675,
        "23": 36.66288271310703,
        "24": -20.582965461161848
    },
    "Scenario517": {
        "Probability": 0.0877608543576448,
        "1": 69.5594973893426,
        "2": 16.168643422318112,
        "3": 130.37667349913735,
        "4": 51.566221300751344,
        "5": 71.4850120806901,
        "6": 61.561351212001114,
        "7": 75.72012670924258,
        "8": 22.93718864943697,
        "9": 52.404886533695645,
        "10": 11.856837544627012,
        "11": 57.99395812938313,
        "12": 31.501291780946048,
        "13": 6.359571312022098,
        "14": 40.020913316754616,
        "15": 39.45849354894172,
        "16": 44.04701372728681,
        "17": 23.22356040930105,
        "18": 86.97952678736516,
        "19": 61.88070655209935,
        "20": 66.440275673376,
        "21": 15.424848349913258,
        "22": 2.0706635259242745,
        "23": 16.49248573748384,
        "24": 40.05835878550069
    },
    "Scenario542": {
        "Probability": 0.12493628374541123,
        "1": 26.670206262676658,
        "2": 16.168643422318112,
        "3": 164.71571148814294,
        "4": 20.79812862291822,
        "5": 71.4850120806901,
        "6": 61.561351212001114,
        "7": 75.72012670924258,
        "8": 22.93718864943697,
        "9": 52.404886533695645,
        "10": 70.11306709155502,
        "11": 57.99395812938313,
        "12": 31.501291780946048,
        "13": 31.32999474403956,
        "14": 63.21094628963013,
        "15": 39.45849354894172,
        "16": 44.04701372728681,
        "17": 23.22356040930105,
        "18": 31.319164672851848,
        "19": 85.40333426974152,
        "20": 66.440275673376,
        "21": -2.876273010076382,
        "22": 19.120265180509975,
        "23": 36.66288271310703,
        "24": 19.84458403661317
    },
    "Scenario600": {
        "Probability": 0.06584188136612594,
        "1": 26.670206262676658,
        "2": 38.27249136054031,
        "3": 96.03763551013179,
        "4": 51.566221300751344,
        "5": 45.86372370556831,
        "6": 114.06141102494398,
        "7": 51.13085519809102,
        "8": 75.89427236552025,
        "9": 52.404886533695645,
        "10": 40.98495231809102,
        "11": 30.588531828079795,
        "12": 31.501291780946048,
        "13": 31.32999474403956,
        "14": 63.21094628963013,
        "15": 39.45849354894172,
        "16": 72.49013336227836,
        "17": 23.22356040930105,
        "18": 59.1493457301085,
        "19": 85.40333426974152,
        "20": 25.48339737580417,
        "21": 33.725969709902905,
        "22": 19.120265180509975,
        "23": 16.49248573748384,
        "24": 19.84458403661317
    },
    "Scenario985": {
        "Probability": 0.1094926141797727,
        "1": 5.225560699343696,
        "2": 38.27249136054031,
        "3": 130.37667349913735,
        "4": 51.566221300751344,
        "5": 97.10630045581189,
        "6": 87.81138111847255,
        "7": 26.54158368693946,
        "8": 49.415730507478614,
        "9": 77.3429703485621,
        "10": 40.98495231809102,
        "11": 3.1831055267764654,
        "12": 54.902718299768466,
        "13": 31.32999474403956,
        "14": 40.020913316754616,
        "15": 39.45849354894172,
        "16": 44.04701372728681,
        "17": 79.39839003744785,
        "18": 31.319164672851848,
        "19": 85.40333426974152,
        "20": 45.961836524590076,
        "21": 33.725969709902905,
        "22": 19.120265180509975,
        "23": 16.49248573748384,
        "24": 40.05835878550069
    },
    "Scenario991": {
        "Probability": 0.0541583302440185,
        "1": 48.11485182600963,
        "2": 60.37633929876251,
        "3": 164.71571148814294,
        "4": 82.33431397858448,
        "5": 71.4850120806901,