{
    "Scenario35": {
        "Probability": 0.09480332652363552,
        "1": 127.20601031792879,
        "2": 109.56898741632162,
        "3": 169.87059629074253,
        "4": 308.41361440387254,
        "5": 220.41353522489018,
        "6": 249.68114238626632,
        "7": 228.72013435626468,
        "8": 197.30439800303589,
        "9": 183.99419306015042,
        "10": 169.42000208808233,
        "11": 113.77667223849734,
        "12": 156.87561842326807,
        "13": 115.12353175873102,
        "14": 122.66196879875375,
        "15": 80.22865689422173,
        "16": 108.04641412252275,
        "17": 116.53814643327787,
        "18": 149.31481197123276,
        "19": 165.5972717006795,
        "20": 160.44705634022557,
        "21": 123.0567873196748,
        "22": 64.540189724862,
        "23": 87.81578966745818,
        "24": 86.63197318354112
    },
    "Scenario87": {
        "Probability": 0.06706394444146707,
        "1": 148.65065588126174,
        "2": 153.77668329276602,
        "3": 204.2096342797481,
        "4": 308.41361440387254,
        "5": 246.03482360001198,
        "6": 197.18108257332347,
        "7": 179.54159133396158,
        "8": 197.30439800303589,
        "9": 208.93227687501687,
        "10": 140.29188731461832,
        "11": 141.18209853980068,
        "12": 133.47419190444563,
        "13": 90.15310832671356,
        "14": 122.66196879875375,
        "15": 156.41409728450245,
        "16": 108.04641412252275,
        "17": 200.80039087549807,
        "18": 177.1449930284894,
        "19": 142.07464398303733,
        "20": 160.44705634022557,
        "21": 104.75566595968515,
        "22": 64.540189724862,
        "23": 47.474995716211794,
        "24": 86.63197318354112
    },
    "Scenario158": {
        "Probability": 0.09240730241354797,
        "1": 127.20601031792879,
        "2": 109.56898741632162,
        "3": 238.54867226875368,
        "4": 339.18170708170567,
        "5": 220.41353522489018,
        "6": 249.68114238626632,
        "7": 204.13086284511314,
        "8": 170.82585614499425,
        "9": 183.99419306015042,
        "10": 169.42000208808233,
        "11": 141.18209853980068,
        "12": 156.87561842326807,
        "13": 140.0939551907485,
        "14": 122.66196879875375,
        "15": 131.01895048774222,
        "16": 164.9326533925058,
        "17": 116.53814643327787,
        "18": 177.1449930284894,
        "19": 189.11989941832167,
        "20": 160.44705634022557,
        "21": 104.75566595968515,
        "22": 47.4905880702763,
        "23": 47.474995716211794,
        "24": 86.63197318354112
    },
    "Scenario357": {
        "Probability": 0.09341625050228668,
        "1": 127.20601031792879,
        "2": 131.67283535454382,
        "3": 238.54867226875368,
        "4": 308.41361440387254,
        "5": 220.41353522489018,
        "6": 223.43111247979488,
        "7": 204.13086284511314,
        "8": 170.82585614499425,
        "9": 208.93227687501687,
        "10": 169.42000208808233,
        "11": 168.587524841104,
        "12": 133.47419190444563,
        "13": 90.15310832671356,
        "14": 145.85200177162926,
        "15": 131.01895048774222,
        "16": 108.04641412252275,
        "17": 172.71297606142468,
        "18": 177.1449930284894,
        "19": 189.11989941832167,
        "20": 160.44705634022557,
        "21": 123.0567873196748,
        "22": 47.4905880702763,
        "23": 67.64539269183499,
        "24": 25.990648936878586
    },
    "Scenario427": {
        "Probability": 0.07607854150895646,
        "1": 148.65065588126174,
        "2": 153.77668329276602,
        "3": 204.2096342797481,
        "4": 308.41361440387254,
        "5": 246.03482360001198,
        "6": 223.43111247979488,
        "7": 204.13086284511314,
        "8": 197.30439800303589,
        "9": 159.05610924528395,
        "10": 169.42000208808233,
        "11": 86.371245937194,
        "12": 133.47419190444563,
        "13": 140.0939551907485,
        "14": 122.66196879875375,
        "15": 105.62380369098199,
        "16": 164.9326533925058,
        "17": 144.62556124735127,
        "18": 149.31481197123276,
        "19": 165.5972717006795,
        "20": 99.01173889386786,
        "21": 123.0567873196748,
        "22": 47.4905880702763,
        "23": 67.64539269183499,
        "24": 86.63197318354112
    },
    "Scenario692": {
        "Probability": 0.1732193681272071,
        "1": 105.76136475459582,
        "2": 131.67283535454382,
        "3": 169.87059629074253,
        "4": 339.18170708170567,
        "5": 220.41353522489018,
        "6": 197.18108257332347,
        "7": 228.72013435626468,
        "8": 197.30439800303589,
        "9": 183.99419306015042,
        "10": 198.54811686154633,
        "11": 141.18209853980068,
        "12": 133.47419190444563,
        "13": 90.15310832671356,
        "14": 99.47193582587823,
        "15": 131.01895048774222,
        "16": 136.48953375751427,
        "17": 172.71297606142468,
        "18": 149.31481197123276,
        "19": 165.5972717006795,
        "20": 160.44705634022557,
        "21": 123.0567873196748,
        "22": 81.5897913794477,
        "23": 87.81578966745818,
        "24": 86.63197318354112
    },
    "Scenario776": {
        "Probability": 0.15754063296556886,
        "1": 127.20601031792879,
        "2": 131.67283535454382,
        "3": 169.87059629074253,
        "4": 339.18170708170567,
        "5": 246.03482360001198,
        "6": 249.68114238626632,
        "7": 204.13086284511314,
        "8": 223.78293986107752,
        "9": 208.93227687501687,
        "10": 140.29188731461832,
        "11": 168.587524841104,
        "12": 110.07276538562323,
        "13": 90.15310832671356,
        "14": 122.66196879875375,
        "15": 131.01895048774222,
        "16": 136.48953375751427,
        "17": 144.62556124735127,
        "18": 149.31481197123276,
        "19": 142.07464398303733,
        "20": 119.49017804265377,
        "21": 86.45454459969551,
        "22": 64.540189724862,
        "23": 67.64539269183499,
        "24": 86.63197318354112
    },
    "Scenario837": {
        "Probability": 0.10584896006816183,
        "1": 148.65065588126174,
        "2": 109.56898741632162,
        "3": 169.87059629074253,
        "4": 308.41361440387254,
        "5": 194.7922468497684,
        "6": 249.68114238626632,
        "7": 228.72013435626468,
        "8": 197.30439800303589,
        "9": 183.99419306015042,
        "10": 169.42000208808233,
        "11": 113.77667223849734,
        "12": 86.67133886680081,
        "13": 115.12353175873102,
        "14": 122.66196879875375,
        "15": 131.01895048774222,
        "16": 108.04641412252275,
        "17": 172.71297606142468,
        "18": 121.48463091397612,
        "19": 189.11989941832167,
        "20": 119.49017804265377,
        "21": 104.75566595968515,
        "22": 81.5897913794477,
        "23": 67.64539269183499,
        "24": 46.20442368576609
    },
    "Scenario942": {
        "Probability": 0.05696801488145875,
        "1": 127.20601031792879,
        "2": 109.56898741632162,
        "3": 204.2096342797481,
        "4": 277.6455217260394,
        "5": 220.41353522489018,
        "6": 197.18108257332347,
        "7": 179.54159133396158,
        "8": 223.78293986107752,
        "9": 183.99419306015042,
        "10": 198.54811686154633,
        "11": 86.371245937194,
        "12": 133.47419190444563,
        "13": 90.15310832671356,
        "14": 99.47193582587823,
        "15": 156.41409728450245,
        "16": 164.9326533925058,
        "17": 172.71297606142468,
        "18": 177.1449930284894,
        "19": 165.5972717006795,
        "20": 139.96861719143968,
        "21": 104.75566595968515,
        "22": 81.5897913794477,
        "23": 67.64539269183499,
        "24": 66.4181984346536
    },
    "Scenario974": {
        "Probability": 0.08265365856770977,
        "1": 127.20601031792879,
        "2": 153.77668329276602,
        "3": 204.2096342797481,