{
    "Scenario344": {
        "Probability": 0.24225659120475396,
        "1": 62.70854238008045,
        "2": 53.91676600773603,
        "3": 156.59523502463605,
        "4": 65.75013303221002,
        "5": 107.30365034360966,
        "6": 45.44900664476741,
        "7": 69.95756725582841,
        "8": 74.55155072921764,
        "9": 73.83306317499068,
        "10": 28.603405837672895,
        "11": 74.2821752659145,
        "12": 48.560994481775296,
        "13": 68.1175300314652,
        "14": 49.944951175949285,
        "15": 53.26728171741506,
        "16": 64.43018738829042,
        "17": 98.0997987102734,
        "18": 77.03697741149105,
        "19": 97.58056291688112,
        "20": 35.81756425536223,
        "21": 24.73292026041251,
        "22": 44.25454899063609,
        "23": 24.433680847910573,
        "24": 49.15930330106896
    },
    "Scenario367": {
        "Probability": 0.08586151413300828,
        "1": 41.26389681674748,
        "2": 53.91676600773603,
        "3": 122.25619703563049,
        "4": 65.75013303221002,
        "5": 107.30365034360966,
        "6": 45.44900664476741,
        "7": 69.95756725582841,
        "8": 48.07300887117599,
        "9": 73.83306317499068,
        "10": 86.85963538460092,
        "11": 46.876748964611174,
        "12": 48.560994481775296,
        "13": 43.14710659944774,
        "14": 49.944951175949285,
        "15": 27.872134920654823,
        "16": 92.87330702328197,
        "17": 41.92496908212661,
        "18": 49.2067963542344,
        "19": 74.05793519923895,
        "20": 76.77444255293405,
        "21": 24.73292026041251,
        "22": 27.204947336050388,
        "23": 44.604077823533764,
        "24": -11.482020945593575
    },
    "Scenario378": {
        "Probability": 0.06343798694677062,
        "1": 19.81925125341452,
        "2": 53.91676600773603,
        "3": 190.93427301364164,
        "4": 65.75013303221002,
        "5": 30.439785218244296,
        "6": 71.69903655123885,
        "7": 45.36829574467685,
        "8": 101.03009258725928,
        "9": 73.83306317499068,
        "10": 57.7315206111369,
        "11": 46.876748964611174,
        "12": 25.159567962952885,
        "13": 68.1175300314652,
        "14": 73.1349841488248,
        "15": 53.26728171741506,
        "16": 92.87330702328197,
        "17": 41.92496908212661,
        "18": 49.2067963542344,
        "19": 74.05793519923895,
        "20": 35.81756425536223,
        "21": 6.431798900422869,
        "22": 27.204947336050388,
        "23": 44.604077823533764,
        "24": 49.15930330106896
    },
    "Scenario513": {
        "Probability": 0.061311927729860556,
        "1": 19.81925125341452,
        "2": 53.91676600773603,
        "3": 122.25619703563049,
        "4": 127.28631838787626,
        "5": 56.06107359336608,
        "6": 71.69903655123885,
        "7": 94.54683876697997,
        "8": 101.03009258725928,
        "9": 48.89497936012424,
        "10": 28.603405837672895,
        "11": 46.876748964611174,
        "12": 48.560994481775296,
        "13": 43.14710659944774,
        "14": 49.944951175949285,
        "15": 53.26728171741506,
        "16": 92.87330702328197,
        "17": 70.01238389620002,
        "18": 77.03697741149105,
        "19": 50.535307481596796,
        "20": 56.29600340414814,
        "21": 43.03404162040216,
        "22": 10.155345681464688,
        "23": 24.433680847910573,
        "24": 49.15930330106896
    },
    "Scenario533": {
        "Probability": 0.06683608080805566,
        "1": 41.26389681674748,
        "2": 76.02061394595823,
        "3": 190.93427301364164,
        "4": 96.51822571004314,
        "5": 81.68236196848787,
        "6": 45.44900664476741,
        "7": 94.54683876697997,
        "8": 74.55155072921764,
        "9": 73.83306317499068,
        "10": 57.7315206111369,
        "11": 46.876748964611174,
        "12": 25.159567962952885,
        "13": 18.176683167430276,
        "14": 49.944951175949285,
        "15": 53.26728171741506,
        "16": 64.43018738829042,
        "17": 70.01238389620002,
        "18": 21.376615296977747,
        "19": 74.05793519923895,
        "20": 35.81756425536223,
        "21": -11.869322459566774,
        "22": 27.204947336050388,
        "23": 24.433680847910573,
        "24": 49.15930330106896
    },
    "Scenario656": {
        "Probability": 0.06838432206484994,
        "1": 62.70854238008045,
        "2": 9.70907013129164,
        "3": 156.59523502463605,
        "4": 34.98204035437689,
        "5": 81.68236196848787,
        "6": 71.69903655123885,
        "7": 94.54683876697997,
        "8": 74.55155072921764,
        "9": 73.83306317499068,
        "10": 86.85963538460092,
        "11": 19.471322663307845,
        "12": 48.560994481775296,
        "13": 43.14710659944774,
        "14": 49.944951175949285,
        "15": 78.66242851417529,
        "16": 7.543948118307341,
        "17": 98.0997987102734,
        "18": 77.03697741149105,
        "19": 50.535307481596796,
        "20": 56.29600340414814,
        "21": 24.73292026041251,
        "22": 27.204947336050388,
        "23": 24.433680847910573,
        "24": 28.945528552181443
    },
    "Scenario682": {
        "Probability": 0.13669404080743308,
        "1": 62.70854238008045,
        "2": 53.91676600773603,
        "3": 122.25619703563049,
        "4": 34.98204035437689,
        "5": 81.68236196848787,
        "6": 71.69903655123885,
        "7": 69.95756725582841,
        "8": 48.07300887117599,
        "9": 73.83306317499068,
        "10": 57.7315206111369,
        "11": 19.471322663307845,
        "12": 71.96242100059771,
        "13": 68.1175300314652,
        "14": 49.944951175949285,
        "15": 53.26728171741506,
        "16": 64.43018738829042,
        "17": 70.01238389620002,
        "18": 49.2067963542344,
        "19": 97.58056291688112,
        "20": 56.29600340414814,
        "21": 6.431798900422869,
        "22": 10.155345681464688,
        "23": 24.433680847910573,
        "24": 8.731753803293927
    },
    "Scenario722": {
        "Probability": 0.06514525273820751,
        "1": 41.26389681674748,
        "2": 31.812918069513834,
        "3": 156.59523502463605,
        "4": 96.51822571004314,
        "5": 56.06107359336608,
        "6": 71.69903655123885,
        "7": 45.36829574467685,
        "8": 74.55155072921764,
        "9": 73.83306317499068,
        "10": 86.85963538460092,
        "11": 19.471322663307845,
        "12": 48.560994481775296,
        "13": 93.08795346348265,
        "14": 73.1349841488248,
        "15": 27.872134920654823,
        "16": 64.43018738829042,
        "17": 41.92496908212661,
        "18": 104.8671584687477,
        "19": 50.535307481596796,
        "20": 56.29600340414814,
        "21": 24.73292026041251,
        "22": 10.155345681464688,
        "23": 4.263283872287381,
        "24": 28.945528552181443
    },
    "Scenario826": {
        "Probability": 0.08345230394166414,
        "1": 62.70854238008045,
        "2": 76.02061394595823,
        "3": 190.93427301364164,
        "4": 65.75013303221002,
        "5": 81.68236196848787,
        "6": 97.94906645771027,
        "7": 94.54683876697997,
        "8": 74.55155072921764,
        "9": 98.77114698985716,
        "10": 57.7315206111369,
        "11": 46.876748964611174,
        "12": 48.560994481775296,
        "13": 43.14710659944774,
        "14": 26.75491820307377,
        "15": 53.26728171741506,
        "16": 64.43018738829042,
        "17": 98.0997987102734,
        "18": 77.03697741149105,
        "19": 97.58056291688112,
        "20": 56.29600340414814,
        "21": 24.73292026041251,
        "22": 10.155345681464688,
        "23": -15.907113103335824,
        "24": 28.945528552181443
    },
    "Scenario895": {
        "Probability": 0.12661997962539634,
        "1": 41.26389681674748,
        "2": 76.02061394595823,
        "3": 156.59523502463605,
        "4": 34.98204035437689,
        "5": 107.30365034360966,