{
    "Scenario1": {
        "Probability": 0.0030836750180047376,
        "1": 74.15854780013265,
        "2": 93.95242719664112,
        "3": 167.05819557593097,
        "4": 150.9598414015671,
        "5": 164.64603863979465,
        "6": 156.4545691895976,
        "7": 161.5945748022133,
        "8": 173.27948611303935,
        "9": 120.22053851681103,
        "10": 180.9348238468075,
        "11": 138.65639004699256,
        "12": 135.47790427964097,
        "13": 105.82895786818679,
        "14": 141.37889995998694,
        "15": 181.40285265251498,
        "16": 182.7060801845854,
        "17": 162.38762462254167,
        "18": 120.9733613416884,
        "19": 162.85261967291171,
        "20": 114.93754536051581,
        "21": 64.89301075562557,
        "22": 71.69331323069403,
        "23": 65.21602519334516,
        "24": 73.04324947358121
    },
    "Scenario2": {
        "Probability": 0.004351545881093028,
        "1": 74.15854780013265,
        "2": 71.84857925841894,
        "3": 235.73627155394212,
        "4": 150.9598414015671,
        "5": 87.78217351442929,
        "6": 103.95450937665474,
        "7": 112.41603177991018,
        "8": 146.80094425499772,
        "9": 145.1586223316775,
        "10": 122.67859429987945,
        "11": 56.44011114308256,
        "12": 88.67505124199614,
        "13": 130.79938130020423,
        "14": 118.18886698711142,
        "15": 105.21741226223426,
        "16": 154.26296054959386,
        "17": 106.21279499439487,
        "18": 120.9733613416884,
        "19": 162.85261967291171,
        "20": 155.89442365808762,
        "21": 46.591889395635924,
        "22": 71.69331323069403,
        "23": 85.38642216896835,
        "24": 73.04324947358121
    },
    "Scenario3": {
        "Probability": 0.012437633915894806,
        "1": 52.7139022367997,
        "2": 116.05627513486333,
        "3": 235.73627155394212,
        "4": 89.42365604590086,
        "5": 113.40346188955107,
        "6": 156.4545691895976,
        "7": 137.00530329106175,
        "8": 120.32240239695605,
        "9": 120.22053851681103,
        "10": 122.67859429987945,
        "11": 193.46724264959923,
        "12": 135.47790427964097,
        "13": 105.82895786818679,
        "14": 118.18886698711142,
        "15": 156.00770585575472,
        "16": 182.7060801845854,
        "17": 218.56245425068846,
        "18": 148.80354239894507,
        "19": 162.85261967291171,
        "20": 114.93754536051581,
        "21": 64.89301075562557,
        "22": 88.74291488527973,
        "23": 105.55681914459154,
        "24": 93.25702422246873
    },
    "Scenario5": {
        "Probability": 0.5510459012396045,
        "1": 74.15854780013265,
        "2": 71.84857925841894,
        "3": 270.0753095429477,
        "4": 150.9598414015671,
        "5": 113.40346188955107,
        "6": 156.4545691895976,
        "7": 112.41603177991018,
        "8": 146.80094425499772,
        "9": 145.1586223316775,
        "10": 64.42236475295142,
        "11": 83.8455374443859,
        "12": 112.07647776081856,
        "13": 105.82895786818679,
        "14": 141.37889995998694,
        "15": 156.00770585575472,
        "16": 154.26296054959386,
        "17": 162.38762462254167,
        "18": 176.63372345620172,
        "19": 139.32999195526955,
        "20": 135.41598450930172,
        "21": 64.89301075562557,
        "22": 88.74291488527973,
        "23": 65.21602519334516,
        "24": 93.25702422246873
    },
    "Scenario9": {
        "Probability": 0.19545552068629624,
        "1": 74.15854780013265,
        "2": 93.95242719664112,
        "3": 235.73627155394212,
        "4": 150.9598414015671,
        "5": 113.40346188955107,
        "6": 103.95450937665474,
        "7": 161.5945748022133,
        "8": 173.27948611303935,
        "9": 120.22053851681103,
        "10": 93.55047952641544,
        "11": 83.8455374443859,
        "12": 88.67505124199614,
        "13": 155.7698047322217,
        "14": 141.37889995998694,
        "15": 156.00770585575472,
        "16": 125.81984091460234,
        "17": 162.38762462254167,
        "18": 204.46390451345837,
        "19": 162.85261967291171,
        "20": 135.41598450930172,
        "21": 64.89301075562557,
        "22": 105.79251653986543,
        "23": 85.38642216896835,
        "24": 93.25702422246873
    },
    "Scenario11": {
        "Probability": 0.008667620210890271,
        "1": 95.60319336346564,
        "2": 71.84857925841894,
        "3": 304.4143475319533,
        "4": 150.9598414015671,
        "5": 164.64603863979465,
        "6": 51.454449563711876,
        "7": 161.5945748022133,
        "8": 146.80094425499772,
        "9": 170.09670614654394,
        "10": 93.55047952641544,
        "11": 83.8455374443859,
        "12": 135.47790427964097,
        "13": 80.85853443616932,
        "14": 118.18886698711142,
        "15": 130.6125590589945,
        "16": 154.26296054959386,
        "17": 190.47503943661508,
        "18": 176.63372345620172,
        "19": 162.85261967291171,
        "20": 114.93754536051581,
        "21": 83.1941321156152,
        "22": 71.69331323069403,
        "23": 65.21602519334516,
        "24": 73.04324947358121
    },
    "Scenario12": {
        "Probability": 0.012244661007650998,
        "1": 74.15854780013265,
        "2": 116.05627513486333,
        "3": 235.73627155394212,
        "4": 89.42365604590086,
        "5": 139.02475026467286,
        "6": 103.95450937665474,
        "7": 137.00530329106175,
        "8": 120.32240239695605,
        "9": 170.09670614654394,
        "10": 93.55047952641544,
        "11": 83.8455374443859,
        "12": 135.47790427964097,
        "13": 130.79938130020423,
        "14": 118.18886698711142,
        "15": 156.00770585575472,
        "16": 154.26296054959386,
        "17": 190.47503943661508,
        "18": 176.63372345620172,
        "19": 209.89787510819605,
        "20": 135.41598450930172,
        "21": 138.09749619558414,
        "22": 105.79251653986543,
        "23": 65.21602519334516,
        "24": 73.04324947358121
    },
    "Scenario14": {
        "Probability": 0.011528554697429732,
        "1": 52.7139022367997,
        "2": 71.84857925841894,
        "3": 270.0753095429477,
        "4": 89.42365604590086,
        "5": 113.40346188955107,
        "6": 130.20453928312617,
        "7": 137.00530329106175,
        "8": 146.80094425499772,
        "9": 170.09670614654394,
        "10": 122.67859429987945,
        "11": 56.44011114308256,
        "12": 41.87219820435131,
        "13": 130.79938130020423,
        "14": 118.18886698711142,
        "15": 156.00770585575472,
        "16": 154.26296054959386,
        "17": 134.30020980846825,
        "18": 204.46390451345837,
        "19": 162.85261967291171,
        "20": 135.41598450930172,
        "21": 83.1941321156152,
        "22": 54.643711576108316,
        "23": 65.21602519334516,
        "24": 93.25702422246873
    },
    "Scenario16": {
        "Probability": 0.006154069374128352,
        "1": 95.60319336346564,
        "2": 116.05627513486333,
        "3": 270.0753095429477,
        "4": 181.72793407940023,
        "5": 139.02475026467286,
        "6": 156.4545691895976,
        "7": 137.00530329106175,
        "8": 146.80094425499772,
        "9": 95.28245470194457,
        "10": 151.80670907334346,
        "11": 138.65639004699256,
        "12": 112.07647776081856,
        "13": 155.7698047322217,
        "14": 141.37889995998694,
        "15": 105.21741226223426,
        "16": 125.81984091460234,
        "17": 190.47503943661508,
        "18": 176.63372345620172,
        "19": 139.32999195526955,
        "20": 155.89442365808762,
        "21": 119.79637483559449,
        "22": 105.79251653986543,
        "23": 85.38642216896835,
        "24": 93.25702422246873
    },
    "Scenario17": {
        "Probability": 0.19503081796900731,
        "1": 74.15854780013265,
        "2": 93.95242719664112,
        "3": 235.73627155394212,
        "4": 120.19174872373398,