{
    "Scenario7": {
        "Probability": 0.0932105262029135,
        "1": 122.41895379331817,
        "2": 109.26380751669507,
        "3": 174.64374634822772,
        "4": 329.27819738296444,
        "5": 208.12489765481868,
        "6": 225.7842043975846,
        "7": 260.9376995002276,
        "8": 206.65740495174896,
        "9": 211.18775447092054,
        "10": 226.21286777988897,
        "11": 165.42987069692575,
        "12": 183.4293714664589,
        "13": 151.7806849843721,
        "14": 149.87083224383508,
        "15": 137.30742787074442,
        "16": 178.97273780843494,
        "17": 221.37465872544334,
        "18": 207.30602002285826,
        "19": 213.6138753909499,
        "20": 181.7976000204643,
        "21": 150.465036128789,
        "22": 90.46974418824628,
        "23": 111.10668476487244,
        "24": 127.81303341261369
    },
    "Scenario15": {
        "Probability": 0.04191662592159793,
        "1": 79.52966266665223,
        "2": 131.36765545491727,
        "3": 174.64374634822772,
        "4": 329.27819738296444,
        "5": 233.74618602994047,
        "6": 278.28426421052745,
        "7": 236.34842798907607,
        "8": 233.1359468097906,
        "9": 211.18775447092054,
        "10": 197.08475300642496,
        "11": 192.83529699822907,
        "12": 160.02794494763646,
        "13": 151.7806849843721,
        "14": 126.68079927095957,
        "15": 137.30742787074442,
        "16": 178.97273780843494,
        "17": 221.37465872544334,
        "18": 235.13620108011492,
        "19": 213.6138753909499,
        "20": 222.75447831803612,
        "21": 168.76615748877865,
        "22": 107.51934584283198,
        "23": 111.10668476487244,
        "24": 87.38548391483866
    },
    "Scenario114": {
        "Probability": 0.07316758241548314,
        "1": 122.41895379331817,
        "2": 153.47150339313947,
        "3": 208.98278433723328,
        "4": 329.27819738296444,
        "5": 208.12489765481868,
        "6": 225.7842043975846,
        "7": 236.34842798907607,
        "8": 259.61448866783223,
        "9": 211.18775447092054,
        "10": 226.21286777988897,
        "11": 110.61901809431907,
        "12": 160.02794494763646,
        "13": 126.81026155235465,
        "14": 173.0608652167106,
        "15": 137.30742787074442,
        "16": 207.4158574434265,
        "17": 221.37465872544334,
        "18": 262.96638213737157,
        "19": 190.09124767330775,
        "20": 181.7976000204643,
        "21": 187.0672788487683,
        "22": 107.51934584283198,
        "23": 131.27708174049565,
        "24": 107.59925866372618
    },
    "Scenario175": {
        "Probability": 0.16422528679982767,
        "1": 122.41895379331817,
        "2": 153.47150339313947,
        "3": 208.98278433723328,
        "4": 329.27819738296444,
        "5": 233.74618602994047,
        "6": 225.7842043975846,
        "7": 236.34842798907607,
        "8": 233.1359468097906,
        "9": 211.18775447092054,
        "10": 226.21286777988897,
        "11": 192.83529699822907,
        "12": 136.62651842881405,
        "13": 151.7806849843721,
        "14": 173.0608652167106,
        "15": 162.70257466750465,
        "16": 178.97273780843494,
        "17": 221.37465872544334,
        "18": 179.4758389656016,
        "19": 260.6591308262342,
        "20": 202.27603916925023,
        "21": 168.76615748877865,
        "22": 124.56894749741768,
        "23": 90.93628778924925,
        "24": 107.59925866372618
    },
    "Scenario245": {
        "Probability": 0.09691921960286998,
        "1": 100.9743082299852,
        "2": 131.36765545491727,
        "3": 174.64374634822772,
        "4": 329.27819738296444,
        "5": 259.36747440506224,
        "6": 225.7842043975846,
        "7": 236.34842798907607,
        "8": 233.1359468097906,
        "9": 211.18775447092054,
        "10": 197.08475300642496,
        "11": 165.42987069692575,
        "12": 206.8307979852813,
        "13": 176.75110841638957,
        "14": 126.68079927095957,
        "15": 162.70257466750465,
        "16": 207.4158574434265,
        "17": 221.37465872544334,
        "18": 179.4758389656016,
        "19": 237.13650310859205,
        "20": 202.27603916925023,
        "21": 187.0672788487683,
        "22": 107.51934584283198,
        "23": 90.93628778924925,
        "24": 67.17170916595116
    },
    "Scenario268": {
        "Probability": 0.16524749262645652,
        "1": 122.41895379331817,
        "2": 109.26380751669507,
        "3": 208.98278433723328,
        "4": 329.27819738296444,
        "5": 233.74618602994047,
        "6": 252.03423430405604,
        "7": 236.34842798907607,
        "8": 206.65740495174896,
        "9": 211.18775447092054,
        "10": 197.08475300642496,
        "11": 138.02444439562242,
        "12": 160.02794494763646,
        "13": 126.81026155235465,
        "14": 196.2508981895861,
        "15": 162.70257466750465,
        "16": 207.4158574434265,
        "17": 193.28724391136996,
        "18": 235.13620108011492,
        "19": 237.13650310859205,
        "20": 202.27603916925023,
        "21": 168.76615748877865,
        "22": 124.56894749741768,
        "23": 111.10668476487244,
        "24": 127.81303341261369
    },
    "Scenario513": {
        "Probability": 0.04825242241662667,
        "1": 122.41895379331817,
        "2": 153.47150339313947,
        "3": 174.64374634822772,
        "4": 360.04629006079756,
        "5": 233.74618602994047,
        "6": 225.7842043975846,
        "7": 211.7591564779245,
        "8": 233.1359468097906,
        "9": 211.18775447092054,
        "10": 167.95663823296096,
        "11": 192.83529699822907,
        "12": 183.4293714664589,
        "13": 176.75110841638957,
        "14": 149.87083224383508,
        "15": 137.30742787074442,
        "16": 235.858977078418,
        "17": 193.28724391136996,
        "18": 207.30602002285826,
        "19": 237.13650310859205,
        "20": 202.27603916925023,
        "21": 168.76615748877865,
        "22": 90.46974418824628,
        "23": 111.10668476487244,
        "24": 87.38548391483866
    },
    "Scenario544": {
        "Probability": 0.11413825783063178,
        "1": 100.9743082299852,
        "2": 131.36765545491727,
        "3": 208.98278433723328,
        "4": 298.5101047051313,
        "5": 233.74618602994047,
        "6": 252.03423430405604,
        "7": 236.34842798907607,
        "8": 259.61448866783223,
        "9": 236.12583828578698,
        "10": 197.08475300642496,
        "11": 192.83529699822907,
        "12": 136.62651842881405,
        "13": 151.7806849843721,
        "14": 173.0608652167106,
        "15": 162.70257466750465,
        "16": 150.5296181734434,
        "17": 221.37465872544334,
        "18": 179.4758389656016,
        "19": 213.6138753909499,
        "20": 202.27603916925023,
        "21": 168.76615748877865,
        "22": 107.51934584283198,
        "23": 111.10668476487244,
        "24": 127.81303341261369
    },
    "Scenario548": {
        "Probability": 0.08820622375355974,
        "1": 165.30824491998408,
        "2": 131.36765545491727,
        "3": 140.30470835922213,
        "4": 298.5101047051313,
        "5": 233.74618602994047,
        "6": 252.03423430405604,
        "7": 236.34842798907607,
        "8": 206.65740495174896,
        "9": 186.24967065605406,
        "10": 197.08475300642496,
        "11": 165.42987069692575,
        "12": 160.02794494763646,
        "13": 151.7806849843721,
        "14": 149.87083224383508,
        "15": 162.70257466750465,
        "16": 178.97273780843494,
        "17": 221.37465872544334,
        "18": 207.30602002285826,
        "19": 237.13650310859205,
        "20": 181.7976000204643,
        "21": 168.76615748877865,
        "22": 90.46974418824628,
        "23": 90.93628778924925,
        "24": 107.59925866372618
    },
    "Scenario612": {
        "Probability": 0.11471636243003319,
        "1": 143.86359935665112,
        "2": 153.47150339313947,