{
    "Scenario173": {
        "Probability": 0.0630221750342683,
        "1": 51.64302101202163,
        "2": 41.22663700423778,
        "3": 98.32160197998718,
        "4": 80.96069260940698,
        "5": 66.22209347912909,
        "6": 56.68356475790367,
        "7": 53.565044265657434,
        "8": 84.20769339410762,
        "9": 58.05584407340426,
        "10": 43.965896254805166,
        "11": 33.7590118618086,
        "12": 59.45025683873175,
        "13": 55.94300459976215,
        "14": 36.79908286556043,
        "15": 38.48920033023761,
        "16": 19.080356128164468,
        "17": 24.793968637949433,
        "18": 58.975637393870244,
        "19": 34.77367416881941,
        "20": 1.4992565151538386,
        "21": 14.720174949141086,
        "22": 33.8080193426949,
        "23": 14.081288443252262,
        "24": 17.9163923731873
    },
    "Scenario235": {
        "Probability": 0.0831711120722091,
        "1": 8.753729885355696,
        "2": 41.22663700423778,
        "3": 166.99967795799836,
        "4": 80.96069260940698,
        "5": 66.22209347912909,
        "6": 56.68356475790367,
        "7": 28.975772754505876,
        "8": 84.20769339410762,
        "9": 58.05584407340426,
        "10": 43.965896254805166,
        "11": 33.7590118618086,
        "12": 12.647403801086917,
        "13": 55.94300459976215,
        "14": 13.609049892684915,
        "15": 38.48920033023761,
        "16": 75.96659539814755,
        "17": 24.793968637949433,
        "18": 58.975637393870244,
        "19": 81.81892960410374,
        "20": 42.45613481272565,
        "21": 14.720174949141086,
        "22": -0.2911839664765026,
        "23": 34.251685418875454,
        "24": 38.130167122074816
    },
    "Scenario297": {
        "Probability": 0.1338636437770138,
        "1": 8.753729885355696,
        "2": 41.22663700423778,
        "3": 98.32160197998718,
        "4": 50.19259993157386,
        "5": 40.60080510400729,
        "6": 56.68356475790367,
        "7": 53.565044265657434,
        "8": 110.68623525214927,
        "9": 58.05584407340426,
        "10": 102.2221258017332,
        "11": 33.7590118618086,
        "12": 36.04883031990933,
        "13": 6.002157735727231,
        "14": 13.609049892684915,
        "15": 63.88434712699784,
        "16": 75.96659539814755,
        "17": 80.96879826609623,
        "18": 31.14545633661359,
        "19": 34.77367416881941,
        "20": 21.977695663939745,
        "21": 14.720174949141086,
        "22": 16.758417688109198,
        "23": -6.089108532370929,
        "24": 38.130167122074816
    },
    "Scenario360": {
        "Probability": 0.07707507850805319,
        "1": 73.08766657535459,
        "2": 41.22663700423778,
        "3": 201.33871594700392,
        "4": 80.96069260940698,
        "5": 66.22209347912909,
        "6": 82.93359466437511,
        "7": 53.565044265657434,
        "8": 84.20769339410762,
        "9": 58.05584407340426,
        "10": 43.965896254805166,
        "11": 61.16443816311194,
        "12": 12.647403801086917,
        "13": 55.94300459976215,
        "14": 13.609049892684915,
        "15": 38.48920033023761,
        "16": 47.52347576315601,
        "17": 52.88138345202284,
        "18": 31.14545633661359,
        "19": 34.77367416881941,
        "20": 42.45613481272565,
        "21": 14.720174949141086,
        "22": 16.758417688109198,
        "23": 14.081288443252262,
        "24": 17.9163923731873
    },
    "Scenario463": {
        "Probability": 0.07790786730469906,
        "1": 30.198375448688658,
        "2": 41.22663700423778,
        "3": 98.32160197998718,
        "4": 50.19259993157386,
        "5": 91.84338185425088,
        "6": 56.68356475790367,
        "7": 28.975772754505876,
        "8": 57.729151536065984,
        "9": 58.05584407340426,
        "10": 43.965896254805166,
        "11": 61.16443816311194,
        "12": 36.04883031990933,
        "13": 80.9134280317796,
        "14": 59.98911583843594,
        "15": 38.48920033023761,
        "16": 47.52347576315601,
        "17": 24.793968637949433,
        "18": 58.975637393870244,
        "19": 58.29630188646157,
        "20": 62.93457396151156,
        "21": -3.5809464108485543,
        "22": 33.8080193426949,
        "23": -6.089108532370929,
        "24": -2.2973823757002165
    },
    "Scenario465": {
        "Probability": 0.12106410721292796,
        "1": 8.753729885355696,
        "2": 41.22663700423778,
        "3": 132.66063996899277,
        "4": -11.343585424092389,
        "5": 91.84338185425088,
        "6": 30.43353485143223,
        "7": 78.154315776809,
        "8": 31.25060967802434,
        "9": 82.99392788827072,
        "10": 43.965896254805166,
        "11": 33.7590118618086,
        "12": 12.647403801086917,
        "13": 6.002157735727231,
        "14": 36.79908286556043,
        "15": 63.88434712699784,
        "16": 75.96659539814755,
        "17": 52.88138345202284,
        "18": 86.8058184511269,
        "19": 34.77367416881941,
        "20": 42.45613481272565,
        "21": 33.02129630913073,
        "22": -0.2911839664765026,
        "23": 14.081288443252262,
        "24": 38.130167122074816
    },
    "Scenario490": {
        "Probability": 0.07874433377609001,
        "1": 30.198375448688658,
        "2": 41.22663700423778,
        "3": 132.66063996899277,
        "4": 80.96069260940698,
        "5": 40.60080510400729,
        "6": 82.93359466437511,
        "7": 53.565044265657434,
        "8": 31.25060967802434,
        "9": 33.1177602585378,
        "10": 14.83778148134116,
        "11": 61.16443816311194,
        "12": 12.647403801086917,
        "13": 55.94300459976215,
        "14": 36.79908286556043,
        "15": 13.094053533477371,
        "16": 19.080356128164468,
        "17": 24.793968637949433,
        "18": 58.975637393870244,
        "19": 81.81892960410374,
        "20": 42.45613481272565,
        "21": -3.5809464108485543,
        "22": 16.758417688109198,
        "23": 14.081288443252262,
        "24": 17.9163923731873
    },
    "Scenario614": {
        "Probability": 0.16507090538704025,
        "1": 30.198375448688658,
        "2": 63.33048494245998,
        "3": 98.32160197998718,
        "4": 50.19259993157386,
        "5": 66.22209347912909,
        "6": 56.68356475790367,
        "7": 53.565044265657434,
        "8": 57.729151536065984,
        "9": 82.99392788827072,
        "10": 73.09401102826918,
        "11": 61.16443816311194,
        "12": 36.04883031990933,
        "13": 6.002157735727231,
        "14": 36.79908286556043,
        "15": 13.094053533477371,
        "16": 19.080356128164468,
        "17": 52.88138345202284,
        "18": 86.8058184511269,
        "19": 58.29630188646157,
        "20": 62.93457396151156,
        "21": 14.720174949141086,
        "22": 33.8080193426949,
        "23": 14.081288443252262,
        "24": -2.2973823757002165
    },
    "Scenario914": {
        "Probability": 0.14504415948867236,
        "1": 51.64302101202163,
        "2": 63.33048494245998,
        "3": 166.99967795799836,
        "4": 50.19259993157386,
        "5": 66.22209347912909,
        "6": 56.68356475790367,
        "7": 53.565044265657434,
        "8": 57.729151536065984,
        "9": 8.179676443671347,
        "10": 14.83778148134116,
        "11": 33.7590118618086,
        "12": 36.04883031990933,
        "13": 30.972581167744693,
        "14": 36.79908286556043,
        "15": 38.48920033023761,
        "16": 47.52347576315601,
        "17": 24.793968637949433,
        "18": 86.8058184511269,
        "19": 34.77367416881941,
        "20": 21.977695663939745,
        "21": 33.02129630913073,
        "22": 16.758417688109198,
        "23": 14.081288443252262,
        "24": -2.2973823757002165
    },
    "Scenario939": {
        "Probability": 0.05503661743902599,
        "1": 30.198375448688658,
        "2": 63.33048494245998,
        "3": 98.32160197998718,
        "4": 80.96069260940698,
        "5": 66.22209347912909,