{
    "Scenario68": {
        "Probability": 0.04605501959665882,
        "1": 47.51620614518968,
        "2": 60.2670521328298,
        "3": 165.85112871373374,
        "4": 81.63018351509467,
        "5": 98.8649943977132,
        "6": 62.90504845347847,
        "7": 77.00154280712118,
        "8": 74.3495020579241,
        "9": 25.279797874265757,
        "10": 38.066630955734624,
        "11": 28.148232699500937,
        "12": 8.381403173932114,
        "13": 52.77354747321032,
        "14": 58.54086353994436,
        "15": 35.94557779554044,
        "16": 47.818481832820765,
        "17": 48.59257205612945,
        "18": 57.73129740443755,
        "19": 35.090463154361835,
        "20": 24.395473063336315,
        "21": 32.29129443762428,
        "22": 16.513413740129785,
        "23": 33.47001915159505,
        "24": 17.02978862740848
    },
    "Scenario78": {
        "Probability": 0.11645289852129057,
        "1": 4.626915018523746,
        "2": 60.2670521328298,
        "3": 131.51209072472815,
        "4": 50.86209083726154,
        "5": 98.8649943977132,
        "6": 62.90504845347847,
        "7": 52.41227129596962,
        "8": 74.3495020579241,
        "9": 75.15596550399867,
        "10": 38.066630955734624,
        "11": 0.7428063981976081,
        "12": 31.782829692754525,
        "13": 52.77354747321032,
        "14": 12.160797594193333,
        "15": 35.94557779554044,
        "16": 19.375362197829226,
        "17": 48.59257205612945,
        "18": 85.56147846169421,
        "19": 58.613090872003994,
        "20": 44.87391221212222,
        "21": 50.592415797613924,
        "22": 50.61261704930119,
        "23": -6.870774799651336,
        "24": 17.02978862740848
    },
    "Scenario86": {
        "Probability": 0.044061340286884736,
        "1": 26.07156058185671,
        "2": 38.163204194607594,
        "3": 131.51209072472815,
        "4": -10.674094518404708,
        "5": 73.24370602259141,
        "6": 62.90504845347847,
        "7": 77.00154280712118,
        "8": 47.87096019988247,
        "9": 25.279797874265757,
        "10": 38.066630955734624,
        "11": 28.148232699500937,
        "12": 8.381403173932114,
        "13": 27.803124041192866,
        "14": 12.160797594193333,
        "15": 35.94557779554044,
        "16": 19.375362197829226,
        "17": 48.59257205612945,
        "18": 2.0709352899242432,
        "19": 58.613090872003994,
        "20": 44.87391221212222,
        "21": 13.990173077634633,
        "22": 16.513413740129785,
        "23": 13.299622175971855,
        "24": -3.1839861214790375
    },
    "Scenario244": {
        "Probability": 0.03914615897006853,
        "1": 26.07156058185671,
        "2": 60.2670521328298,
        "3": 131.51209072472815,
        "4": 50.86209083726154,
        "5": 73.24370602259141,
        "6": 36.65501854700703,
        "7": 27.82299978481806,
        "8": 47.87096019988247,
        "9": 50.21788168913221,
        "10": 38.066630955734624,
        "11": 0.7428063981976081,
        "12": 31.782829692754525,
        "13": 2.8327006091754043,
        "14": 35.35083056706885,
        "15": 10.5504309987802,
        "16": 47.818481832820765,
        "17": 20.505157242056043,
        "18": 2.0709352899242432,
        "19": 58.613090872003994,
        "20": 44.87391221212222,
        "21": -4.310948282355007,
        "22": -0.5361879144559154,
        "23": 13.299622175971855,
        "24": 17.02978862740848
    },
    "Scenario249": {
        "Probability": 0.23726924050497755,
        "1": 4.626915018523746,
        "2": 16.0593562563854,
        "3": 97.17305273572259,
        "4": 81.63018351509467,
        "5": 73.24370602259141,
        "6": 62.90504845347847,
        "7": 52.41227129596962,
        "8": 47.87096019988247,
        "9": 50.21788168913221,
        "10": 38.066630955734624,
        "11": 28.148232699500937,
        "12": 31.782829692754525,
        "13": 27.803124041192866,
        "14": 35.35083056706885,
        "15": 35.94557779554044,
        "16": 47.818481832820765,
        "17": 48.59257205612945,
        "18": 29.901116347180896,
        "19": 82.13571858964616,
        "20": 24.395473063336315,
        "21": 32.29129443762428,
        "22": 33.563015394715485,
        "23": -6.870774799651336,
        "24": 17.02978862740848
    },
    "Scenario300": {
        "Probability": 0.1005789847415787,
        "1": 4.626915018523746,
        "2": 38.163204194607594,
        "3": 165.85112871373374,
        "4": 81.63018351509467,
        "5": 73.24370602259141,
        "6": 89.1550783599499,
        "7": 77.00154280712118,
        "8": 74.3495020579241,
        "9": 50.21788168913221,
        "10": 38.066630955734624,
        "11": 28.148232699500937,
        "12": 31.782829692754525,
        "13": 52.77354747321032,
        "14": 35.35083056706885,
        "15": 10.5504309987802,
        "16": 76.26160146781231,
        "17": 48.59257205612945,
        "18": 29.901116347180896,
        "19": 58.613090872003994,
        "20": 44.87391221212222,
        "21": 50.592415797613924,
        "22": 50.61261704930119,
        "23": 13.299622175971855,
        "24": -3.1839861214790375
    },
    "Scenario372": {
        "Probability": 0.051910778594618436,
        "1": 68.96085170852264,
        "2": 38.163204194607594,
        "3": 97.17305273572259,
        "4": 20.093998159428416,
        "5": 98.8649943977132,
        "6": 89.1550783599499,
        "7": 52.41227129596962,
        "8": 47.87096019988247,
        "9": 100.09404931886513,
        "10": 8.938516182270618,
        "11": 55.553659000804274,
        "12": 31.782829692754525,
        "13": 27.803124041192866,
        "14": 35.35083056706885,
        "15": 61.34072459230067,
        "16": 47.818481832820765,
        "17": 76.67998687020284,
        "18": 29.901116347180896,
        "19": 82.13571858964616,
        "20": 44.87391221212222,
        "21": 32.29129443762428,
        "22": 16.513413740129785,
        "23": 33.47001915159505,
        "24": 17.02978862740848
    },
    "Scenario384": {
        "Probability": 0.10730375164586937,
        "1": 4.626915018523746,
        "2": 60.2670521328298,
        "3": 97.17305273572259,
        "4": 50.86209083726154,
        "5": 47.622417647469625,
        "6": 89.1550783599499,
        "7": 77.00154280712118,
        "8": 74.3495020579241,
        "9": 75.15596550399867,
        "10": 8.938516182270618,
        "11": 28.148232699500937,
        "12": 8.381403173932114,
        "13": 27.803124041192866,
        "14": 58.54086353994436,
        "15": 10.5504309987802,
        "16": 19.375362197829226,
        "17": 48.59257205612945,
        "18": 57.73129740443755,
        "19": 58.613090872003994,
        "20": 44.87391221212222,
        "21": 32.29129443762428,
        "22": 16.513413740129785,
        "23": 13.299622175971855,
        "24": 17.02978862740848
    },
    "Scenario626": {
        "Probability": 0.1470597041693607,
        "1": 26.07156058185671,
        "2": 38.163204194607594,
        "3": 131.51209072472815,
        "4": 20.093998159428416,
        "5": 98.8649943977132,
        "6": 89.1550783599499,
        "7": 27.82299978481806,
        "8": 47.87096019988247,
        "9": 75.15596550399867,
        "10": 67.19474572919864,
        "11": 28.148232699500937,
        "12": 8.381403173932114,
        "13": 27.803124041192866,
        "14": 35.35083056706885,
        "15": 35.94557779554044,
        "16": 47.818481832820765,
        "17": -7.582257572017355,
        "18": 85.56147846169421,
        "19": 82.13571858964616,
        "20": 44.87391221212222,
        "21": 32.29129443762428,
        "22": 16.513413740129785,
        "23": 13.299622175971855,
        "24": 17.02978862740848
    },
    "Scenario775": {
        "Probability": 0.11016212296869254,
        "1": 26.07156058185671,
        "2": 38.163204194607594,
        "3": 131.51209072472815,
        "4": 50.86209083726154,
        "5": 73.24370602259141,