{
    "Scenario1": {
        "Probability": 0.030371952717048175,
        "1": 26.07156058185671,
        "2": 60.2670521328298,
        "3": 131.51209072472815,
        "4": 50.86209083726154,
        "5": 98.8649943977132,
        "6": 89.1550783599499,
        "7": 27.82299978481806,
        "8": 47.87096019988247,
        "9": 25.279797874265757,
        "10": -49.31771336465741,
        "11": -26.66261990310573,
        "12": 31.782829692754525,
        "13": -22.13772282284205,
        "14": 35.35083056706885,
        "15": 61.34072459230067,
        "16": 19.375362197829226,
        "17": 48.59257205612945,
        "18": 85.56147846169421,
        "19": 82.13571858964616,
        "20": 65.35235136090813,
        "21": 13.990173077634633,
        "22": 16.513413740129785,
        "23": -6.870774799651336,
        "24": 37.243563376295995
    },
    "Scenario2": {
        "Probability": 0.17196195323911567,
        "1": 47.51620614518968,
        "2": 38.163204194607594,
        "3": 200.1901667027393,
        "4": 81.63018351509467,
        "5": 47.622417647469625,
        "6": 10.404988640535606,
        "7": 77.00154280712118,
        "8": 74.3495020579241,
        "9": 50.21788168913221,
        "10": 67.19474572919864,
        "11": 0.7428063981976081,
        "12": 31.782829692754525,
        "13": 52.77354747321032,
        "14": 12.160797594193333,
        "15": 61.34072459230067,
        "16": 47.818481832820765,
        "17": 48.59257205612945,
        "18": 85.56147846169421,
        "19": 82.13571858964616,
        "20": 24.395473063336315,
        "21": -4.310948282355007,
        "22": -0.5361879144559154,
        "23": 13.299622175971855,
        "24": -3.1839861214790375
    },
    "Scenario3": {
        "Probability": 0.171775191469904,
        "1": 47.51620614518968,
        "2": 60.2670521328298,
        "3": 97.17305273572259,
        "4": 81.63018351509467,
        "5": 47.622417647469625,
        "6": 62.90504845347847,
        "7": 3.2337282736665074,
        "8": 21.392418341840823,
        "9": 50.21788168913221,
        "10": 38.066630955734624,
        "11": 28.148232699500937,
        "12": -15.020023344890305,
        "13": 2.8327006091754043,
        "14": 81.73089651281987,
        "15": 61.34072459230067,
        "16": 47.818481832820765,
        "17": 20.505157242056043,
        "18": 57.73129740443755,
        "19": 58.613090872003994,
        "20": 65.35235136090813,
        "21": 13.990173077634633,
        "22": 33.563015394715485,
        "23": 13.299622175971855,
        "24": 37.243563376295995
    },
    "Scenario4": {
        "Probability": 0.005408486257241288,
        "1": 26.07156058185671,
        "2": 82.37090007105198,
        "3": 131.51209072472815,
        "4": 81.63018351509467,
        "5": 98.8649943977132,
        "6": 62.90504845347847,
        "7": 52.41227129596962,
        "8": 100.82804391596576,
        "9": 75.15596550399867,
        "10": 67.19474572919864,
        "11": 0.7428063981976081,
        "12": 55.184256211576944,
        "13": 2.8327006091754043,
        "14": 12.160797594193333,
        "15": 35.94557779554044,
        "16": 76.26160146781231,
        "17": -7.582257572017355,
        "18": 57.73129740443755,
        "19": 58.613090872003994,
        "20": 3.9170339145504087,
        "21": 13.990173077634633,
        "22": 50.61261704930119,
        "23": 53.640416127218245,
        "24": -3.1839861214790375
    },
    "Scenario5": {
        "Probability": 0.48428511327688184,
        "1": 26.07156058185671,
        "2": 16.0593562563854,
        "3": 131.51209072472815,
        "4": 50.86209083726154,
        "5": 98.8649943977132,
        "6": 89.1550783599499,
        "7": 27.82299978481806,
        "8": 47.87096019988247,
        "9": 50.21788168913221,
        "10": 67.19474572919864,
        "11": 55.553659000804274,
        "12": 8.381403173932114,
        "13": 27.803124041192866,
        "14": 35.35083056706885,
        "15": 35.94557779554044,
        "16": 76.26160146781231,
        "17": 48.59257205612945,
        "18": 2.0709352899242432,
        "19": 105.65834630728831,
        "20": 44.87391221212222,
        "21": 32.29129443762428,
        "22": 16.513413740129785,
        "23": 53.640416127218245,
        "24": 17.02978862740848
    },
    "Scenario6": {
        "Probability": 0.002698985866662833,
        "1": 26.07156058185671,
        "2": 82.37090007105198,
        "3": 165.85112871373374,
        "4": -10.674094518404708,
        "5": 47.622417647469625,
        "6": 89.1550783599499,
        "7": 52.41227129596962,
        "8": 21.392418341840823,
        "9": 25.279797874265757,
        "10": 96.32286050266265,
        "11": 28.148232699500937,
        "12": 31.782829692754525,
        "13": 2.8327006091754043,
        "14": 35.35083056706885,
        "15": 61.34072459230067,
        "16": 76.26160146781231,
        "17": 76.67998687020284,
        "18": 85.56147846169421,
        "19": 35.090463154361835,
        "20": 44.87391221212222,
        "21": 13.990173077634633,
        "22": 50.61261704930119,
        "23": 13.299622175971855,
        "24": -43.611535619254056
    },
    "Scenario7": {
        "Probability": 0.12159439288549981,
        "1": 47.51620614518968,
        "2": -6.044491681836796,
        "3": 165.85112871373374,
        "4": 81.63018351509467,
        "5": 73.24370602259141,
        "6": 62.90504845347847,
        "7": 77.00154280712118,
        "8": 100.82804391596576,
        "9": 0.3417140593993011,
        "10": 38.066630955734624,
        "11": 0.7428063981976081,
        "12": 55.184256211576944,
        "13": 52.77354747321032,
        "14": 35.35083056706885,
        "15": 35.94557779554044,
        "16": 19.375362197829226,
        "17": 20.505157242056043,
        "18": 57.73129740443755,
        "19": 35.090463154361835,
        "20": 44.87391221212222,
        "21": 13.990173077634633,
        "22": -0.5361879144559154,
        "23": 33.47001915159505,
        "24": 37.243563376295995
    },
    "Scenario8": {
        "Probability": 0.0009612608776458316,
        "1": -16.817730544809223,
        "2": 60.2670521328298,
        "3": 62.83401474671701,
        "4": 20.093998159428416,
        "5": 73.24370602259141,
        "6": 89.1550783599499,
        "7": 77.00154280712118,
        "8": 74.3495020579241,
        "9": 25.279797874265757,
        "10": 67.19474572919864,
        "11": 28.148232699500937,
        "12": 55.184256211576944,
        "13": 2.8327006091754043,
        "14": 35.35083056706885,
        "15": 61.34072459230067,
        "16": 76.26160146781231,
        "17": 20.505157242056043,
        "18": 2.0709352899242432,
        "19": 105.65834630728831,
        "20": 65.35235136090813,
        "21": 50.592415797613924,
        "22": 50.61261704930119,
        "23": -6.870774799651336,
        "24": -3.1839861214790375
    },
    "Scenario9": {
        "Probability": 0.010772885331916044,
        "1": 47.51620614518968,
        "2": 16.0593562563854,
        "3": 131.51209072472815,
        "4": 50.86209083726154,
        "5": 98.8649943977132,
        "6": 89.1550783599499,
        "7": 3.2337282736665074,
        "8": 74.3495020579241,
        "9": 50.21788168913221,
        "10": 38.066630955734624,
        "11": 110.36451160341093,
        "12": 78.58568273039936,
        "13": 2.8327006091754043,
        "14": 58.54086353994436,
        "15": 61.34072459230067,
        "16": 76.26160146781231,
        "17": 76.67998687020284,
        "18": 57.73129740443755,
        "19": 35.090463154361835,
        "20": 24.395473063336315,
        "21": 13.990173077634633,
        "22": 33.563015394715485,
        "23": 33.47001915159505,
        "24": -3.1839861214790375
    },
    "Scenario10": {
        "Probability": 0.0001697780780845793,
        "1": 47.51620614518968,
        "2": 38.163204194607594,
        "3": 97.17305273572259,
        "4": 50.86209083726154,
        "5": 47.622417647469625,