{
    "Scenario139": {
        "Probability": 0.0669169658471094,
        "1": 57.22437501319756,
        "2": 27.356842672679825,
        "3": 152.95681742901291,
        "4": 98.27238213213492,
        "5": 89.05074191251082,
        "6": 79.00001143400678,
        "7": 68.46650753186022,
        "8": 65.8012136391328,
        "9": 68.3708546119235,
        "10": 55.311655787459955,
        "11": 43.96431389757724,
        "12": 43.67517835324351,
        "13": 44.35798015873961,
        "14": 54.400013368682224,
        "15": 105.73920842448616,
        "16": 31.702397875808664,
        "17": 40.14456120508075,
        "18": 105.54757216912799,
        "19": 102.28210945265302,
        "20": 40.06161478951738,
        "21": 25.324900570920153,
        "22": 29.702696961248925,
        "23": 26.746022074368582,
        "24": 30.289068270280552
    },
    "Scenario220": {
        "Probability": 0.09307909995297506,
        "1": 35.77972944986459,
        "2": 27.356842672679825,
        "3": 152.95681742901291,
        "4": 36.736196776468674,
        "5": 63.42945353738903,
        "6": 52.74998152753534,
        "7": 68.46650753186022,
        "8": 39.32267178109115,
        "9": 68.3708546119235,
        "10": 26.18354101399595,
        "11": 71.36974019888058,
        "12": 43.67517835324351,
        "13": 69.32840359075706,
        "14": 54.400013368682224,
        "15": 54.94891483096569,
        "16": 60.145517510800204,
        "17": 96.31939083322754,
        "18": 77.71739111187134,
        "19": 149.32736488793734,
        "20": 81.01849308708918,
        "21": 25.324900570920153,
        "22": 29.702696961248925,
        "23": 26.746022074368582,
        "24": 30.289068270280552
    },
    "Scenario228": {
        "Probability": 0.1197348521309731,
        "1": 14.335083886531628,
        "2": 27.356842672679825,
        "3": 118.61777944000735,
        "4": 67.5042894543018,
        "5": 114.67203028763261,
        "6": 79.00001143400678,
        "7": 43.87723602070866,
        "8": 65.8012136391328,
        "9": 93.30893842678995,
        "10": 26.18354101399595,
        "11": 43.96431389757724,
        "12": 43.67517835324351,
        "13": 19.387556726722146,
        "14": 77.59004634155774,
        "15": 54.94891483096569,
        "16": 31.702397875808664,
        "17": 68.23197601915416,
        "18": 77.71739111187134,
        "19": 102.28210945265302,
        "20": 60.54005393830328,
        "21": 25.324900570920153,
        "22": 12.653095306663225,
        "23": 6.575625098745391,
        "24": 30.289068270280552
    },
    "Scenario284": {
        "Probability": 0.15609841548890227,
        "1": 14.335083886531628,
        "2": 49.46069061090202,
        "3": 152.95681742901291,
        "4": 36.736196776468674,
        "5": 89.05074191251082,
        "6": 79.00001143400678,
        "7": 43.87723602070866,
        "8": 65.8012136391328,
        "9": 68.3708546119235,
        "10": 26.18354101399595,
        "11": 43.96431389757724,
        "12": 67.07660487206593,
        "13": 69.32840359075706,
        "14": 31.20998039580671,
        "15": 80.34406162772592,
        "16": 88.58863714579175,
        "17": 68.23197601915416,
        "18": 105.54757216912799,
        "19": 78.75948173501085,
        "20": 60.54005393830328,
        "21": 25.324900570920153,
        "22": 12.653095306663225,
        "23": 26.746022074368582,
        "24": 30.289068270280552
    },
    "Scenario398": {
        "Probability": 0.06030221312118225,
        "1": 57.22437501319756,
        "2": 49.46069061090202,
        "3": 152.95681742901291,
        "4": 5.96810409863555,
        "5": 89.05074191251082,
        "6": 79.00001143400678,
        "7": 68.46650753186022,
        "8": 65.8012136391328,
        "9": 43.432770797057046,
        "10": 26.18354101399595,
        "11": 43.96431389757724,
        "12": 67.07660487206593,
        "13": 69.32840359075706,
        "14": 54.400013368682224,
        "15": 54.94891483096569,
        "16": 60.145517510800204,
        "17": 68.23197601915416,
        "18": 77.71739111187134,
        "19": 78.75948173501085,
        "20": 81.01849308708918,
        "21": 43.6260219309098,
        "22": 12.653095306663225,
        "23": 26.746022074368582,
        "24": 30.289068270280552
    },
    "Scenario406": {
        "Probability": 0.21444146658080976,
        "1": 35.77972944986459,
        "2": 49.46069061090202,
        "3": 118.61777944000735,
        "4": 36.736196776468674,
        "5": 89.05074191251082,
        "6": 79.00001143400678,
        "7": 68.46650753186022,
        "8": 65.8012136391328,
        "9": 68.3708546119235,
        "10": 113.56788533438798,
        "11": 43.96431389757724,
        "12": 67.07660487206593,
        "13": 44.35798015873961,
        "14": 31.20998039580671,
        "15": 54.94891483096569,
        "16": 60.145517510800204,
        "17": 68.23197601915416,
        "18": 77.71739111187134,
        "19": 55.23685401736869,
        "20": 40.06161478951738,
        "21": 25.324900570920153,
        "22": 29.702696961248925,
        "23": 6.575625098745391,
        "24": 30.289068270280552
    },
    "Scenario456": {
        "Probability": 0.09766322932310156,
        "1": 35.77972944986459,
        "2": 93.66838648734641,
        "3": 187.2958554180185,
        "4": 98.27238213213492,
        "5": 89.05074191251082,
        "6": 105.25004134047822,
        "7": 68.46650753186022,
        "8": 39.32267178109115,
        "9": 43.432770797057046,
        "10": 55.311655787459955,
        "11": 43.96431389757724,
        "12": 43.67517835324351,
        "13": 44.35798015873961,
        "14": 77.59004634155774,
        "15": 54.94891483096569,
        "16": 60.145517510800204,
        "17": 68.23197601915416,
        "18": 77.71739111187134,
        "19": 102.28210945265302,
        "20": 60.54005393830328,
        "21": 25.324900570920153,
        "22": 29.702696961248925,
        "23": 6.575625098745391,
        "24": -10.138481227494466
    },
    "Scenario465": {
        "Probability": 0.08745598447885233,
        "1": -7.109561676801341,
        "2": 71.56453854912422,
        "3": 118.61777944000735,
        "4": 98.27238213213492,
        "5": 89.05074191251082,
        "6": 131.50007124694963,
        "7": 93.05577904301178,
        "8": 92.27975549717443,
        "9": 43.432770797057046,
        "10": 84.43977056092396,
        "11": 16.558887596273912,
        "12": 43.67517835324351,
        "13": 44.35798015873961,
        "14": 54.400013368682224,
        "15": 54.94891483096569,
        "16": 31.702397875808664,
        "17": 68.23197601915416,
        "18": 49.887210054614684,
        "19": 102.28210945265302,
        "20": 60.54005393830328,
        "21": 7.023779210930513,
        "22": 12.653095306663225,
        "23": 26.746022074368582,
        "24": 50.50284301916807
    },
    "Scenario613": {
        "Probability": 0.04784714309089617,
        "1": 35.77972944986459,
        "2": 49.46069061090202,
        "3": 187.2958554180185,
        "4": 129.04047480996803,
        "5": 63.42945353738903,
        "6": 79.00001143400678,
        "7": 68.46650753186022,
        "8": 65.8012136391328,
        "9": 93.30893842678995,
        "10": 26.18354101399595,
        "11": 43.96431389757724,
        "12": 20.2737518344211,
        "13": 44.35798015873961,
        "14": 54.400013368682224,
        "15": 54.94891483096569,
        "16": 88.58863714579175,
        "17": 40.14456120508075,
        "18": 105.54757216912799,
        "19": 78.75948173501085,
        "20": 60.54005393830328,
        "21": 7.023779210930513,
        "22": 29.702696961248925,
        "23": 6.575625098745391,
        "24": 30.289068270280552
    },
    "Scenario771": {
        "Probability": 0.056460629985197984,
        "1": 35.77972944986459,
        "2": 27.356842672679825,
        "3": 152.95681742901291,
        "4": 67.5042894543018,
        "5": 114.67203028763261,