{
    "Scenario991": {
        "Probability": 0.9910000000000001
    },
    "Scenario992": {
        "Probability": 0.0009999999999999994
    },
    "Scenario993": {
        "Probability": 0.0009999999999999994
    },
    "Scenario994": {
        "Probability": 0.0009999999999999994
    },
    "Scenario995": {
        "Probability": 0.0009999999999999994
    },
    "Scenario996": {
        "Probability": 0.0009999999999999994
    },
    "Scenario997": {
        "Probability": 0.0009999999999999994
    },
    "Scenario998": {
        "Probability": 0.0009999999999999994
    },
    "Scenario999": {
        "Probability": 0.0009999999999999994
    },
    "Scenario1000": {
        "Probability": 0.0009999999999999994
    }
}