{
    "Scenario23": {
        "Probability": 0.17855269152966347,
        "1": 139.05463024008097,
        "2": 151.98320591973078,
        "3": 233.9185087424106,
        "4": 413.5945687932658,
        "5": 296.64735798401,
        "6": 278.5348949598071,
        "7": 254.62022408795372,
        "8": 285.9275303346261,
        "9": 234.21923433916166,
        "10": 221.7446043393616,
        "11": 207.16806001129575,
        "12": 196.97268563086783,
        "13": 152.88945710912327,
        "14": 195.4576819556428,
        "15": 212.31009822266753,
        "16": 228.22806514419096,
        "17": 247.43316282983525,
        "18": 245.87639294220395,
        "19": 253.57280167504328,
        "20": 249.07822895419534,
        "21": 154.01164703569663,
        "22": 153.62203668273315,
        "23": 139.4520649966429,
        "24": 163.75428001235954
    },
    "Scenario124": {
        "Probability": 0.08959968591436351,
        "1": 160.49927580341392,
        "2": 129.87935798150858,
        "3": 268.2575467314162,
        "4": 352.05838343759956,
        "5": 271.0260696088882,
        "6": 278.5348949598071,
        "7": 254.62022408795372,
        "8": 285.9275303346261,
        "9": 234.21923433916166,
        "10": 221.7446043393616,
        "11": 234.57348631259907,
        "12": 196.97268563086783,
        "13": 177.85988054114074,
        "14": 195.4576819556428,
        "15": 212.31009822266753,
        "16": 228.22806514419096,
        "17": 275.52057764390867,
        "18": 190.21603082769064,
        "19": 230.0501739574011,
        "20": 208.12135065662352,
        "21": 172.31276839568628,
        "22": 136.57243502814745,
        "23": 119.28166802101971,
        "24": 143.54050526347203
    },
    "Scenario309": {
        "Probability": 0.08939386823024277,
        "1": 139.05463024008097,
        "2": 174.08705385795298,
        "3": 199.57947075340505,
        "4": 382.8264761154327,
        "5": 219.7834928586446,
        "6": 278.5348949598071,
        "7": 230.03095257680218,
        "8": 232.9704466185428,
        "9": 234.21923433916166,
        "10": 221.7446043393616,
        "11": 179.76263370999243,
        "12": 150.16983259322302,
        "13": 202.8303039731582,
        "14": 195.4576819556428,
        "15": 212.31009822266753,
        "16": 228.22806514419096,
        "17": 275.52057764390867,
        "18": 245.87639294220395,
        "19": 253.57280167504328,
        "20": 208.12135065662352,
        "21": 208.91501111566555,
        "22": 153.62203668273315,
        "23": 119.28166802101971,
        "24": 143.54050526347203
    },
    "Scenario331": {
        "Probability": 0.05301018310956535,
        "1": 160.49927580341392,
        "2": 151.98320591973078,
        "3": 233.9185087424106,
        "4": 352.05838343759956,
        "5": 245.40478123376639,
        "6": 304.7849248662786,
        "7": 230.03095257680218,
        "8": 259.4489884765845,
        "9": 284.0954019688946,
        "10": 192.61648956589758,
        "11": 207.16806001129575,
        "12": 220.37411214969026,
        "13": 152.88945710912327,
        "14": 172.2676489827673,
        "15": 186.9149514259073,
        "16": 228.22806514419096,
        "17": 247.43316282983525,
        "18": 218.0462118849473,
        "19": 253.57280167504328,
        "20": 208.12135065662352,
        "21": 190.61388975567593,
        "22": 136.57243502814745,
        "23": 139.4520649966429,
        "24": 123.32673051458451
    },
    "Scenario490": {
        "Probability": 0.0444283231730548,
        "1": 117.609984676748,
        "2": 151.98320591973078,
        "3": 233.9185087424106,
        "4": 382.8264761154327,
        "5": 271.0260696088882,
        "6": 278.5348949598071,
        "7": 230.03095257680218,
        "8": 259.4489884765845,
        "9": 234.21923433916166,
        "10": 250.8727191128256,
        "11": 207.16806001129575,
        "12": 150.16983259322302,
        "13": 152.88945710912327,
        "14": 195.4576819556428,
        "15": 237.70524501942776,
        "16": 228.22806514419096,
        "17": 247.43316282983525,
        "18": 273.7065739994606,
        "19": 277.09542939268545,
        "20": 249.07822895419534,
        "21": 190.61388975567593,
        "22": 136.57243502814745,
        "23": 119.28166802101971,
        "24": 123.32673051458451
    },
    "Scenario550": {
        "Probability": 0.14177042966104653,
        "1": 160.49927580341392,
        "2": 129.87935798150858,
        "3": 233.9185087424106,
        "4": 382.8264761154327,
        "5": 245.40478123376639,
        "6": 278.5348949598071,
        "7": 230.03095257680218,
        "8": 285.9275303346261,
        "9": 234.21923433916166,
        "10": 221.7446043393616,
        "11": 207.16806001129575,
        "12": 220.37411214969026,
        "13": 202.8303039731582,
        "14": 195.4576819556428,
        "15": 237.70524501942776,
        "16": 228.22806514419096,
        "17": 219.34574801576184,
        "18": 245.87639294220395,
        "19": 277.09542939268545,
        "20": 228.59978980540944,
        "21": 190.61388975567593,
        "22": 136.57243502814745,
        "23": 139.4520649966429,
        "24": 103.11295576569701
    },
    "Scenario610": {
        "Probability": 0.07787276286094764,
        "1": 160.49927580341392,
        "2": 151.98320591973078,
        "3": 199.57947075340505,
        "4": 382.8264761154327,
        "5": 296.64735798401,
        "6": 252.2848650533357,
        "7": 230.03095257680218,
        "8": 232.9704466185428,
        "9": 234.21923433916166,
        "10": 221.7446043393616,
        "11": 207.16806001129575,
        "12": 173.57125911204542,
        "13": 152.88945710912327,
        "14": 218.64771492851833,
        "15": 212.31009822266753,
        "16": 228.22806514419096,
        "17": 247.43316282983525,
        "18": 245.87639294220395,
        "19": 253.57280167504328,
        "20": 228.59978980540944,
        "21": 208.91501111566555,
        "22": 136.57243502814745,
        "23": 159.62246197226608,
        "24": 103.11295576569701
    },
    "Scenario676": {
        "Probability": 0.10294940035296102,
        "1": 160.49927580341392,
        "2": 129.87935798150858,
        "3": 199.57947075340505,
        "4": 413.5945687932658,
        "5": 271.0260696088882,
        "6": 278.5348949598071,
        "7": 230.03095257680218,
        "8": 232.9704466185428,
        "9": 209.28115052429519,
        "10": 192.61648956589758,
        "11": 207.16806001129575,
        "12": 196.97268563086783,
        "13": 202.8303039731582,
        "14": 172.2676489827673,
        "15": 237.70524501942776,
        "16": 228.22806514419096,
        "17": 247.43316282983525,
        "18": 245.87639294220395,
        "19": 253.57280167504328,
        "20": 228.59978980540944,
        "21": 208.91501111566555,
        "22": 119.52283337356175,
        "23": 159.62246197226608,
        "24": 103.11295576569701
    },
    "Scenario886": {
        "Probability": 0.15624610767730676,
        "1": 139.05463024008097,
        "2": 151.98320591973078,
        "3": 268.2575467314162,
        "4": 382.8264761154327,
        "5": 271.0260696088882,
        "6": 226.03483514686425,
        "7": 254.62022408795372,
        "8": 259.4489884765845,
        "9": 259.15731815402813,
        "10": 250.8727191128256,
        "11": 207.16806001129575,
        "12": 220.37411214969026,
        "13": 177.85988054114074,
        "14": 218.64771492851833,
        "15": 212.31009822266753,
        "16": 199.78494550919942,
        "17": 247.43316282983525,
        "18": 245.87639294220395,
        "19": 277.09542939268545,
        "20": 249.07822895419534,
        "21": 190.61388975567593,
        "22": 119.52283337356175,
        "23": 139.4520649966429,
        "24": 143.54050526347203
    },
    "Scenario974": {
        "Probability": 0.06617654749084816,
        "1": 139.05463024008097,
        "2": 174.08705385795298,
        "3": 233.9185087424106,