{
    "Scenario1": {
        "Probability": 0.03415418949006244,
        "0": 52.7139022367997,
        "1": 93.95242719664112,
        "2": 235.73627155394212,
        "3": 120.19174872373398,
        "4": 113.40346188955107,
        "5": 182.70459909606905,
        "6": 186.18384631336485,
        "7": 120.32240239695605,
        "8": 170.09670614654394,
        "9": 93.55047952641544,
        "10": 166.0618163482959,
        "11": 88.67505124199614,
        "12": 80.85853443616932,
        "13": 94.99883401423591,
        "14": 156.00770585575472,
        "15": 125.81984091460234,
        "16": 134.30020980846825,
        "17": 176.63372345620172,
        "18": 186.37524739055388,
        "19": 155.89442365808762,
        "20": 83.1941321156152,
        "21": 88.74291488527973,
        "22": 105.55681914459154,
        "23": 73.04324947358121
    },
    "Scenario2": {
        "Probability": 0.0021396544994423915,
        "0": 74.15854780013265,
        "1": 116.05627513486333,
        "2": 167.05819557593097,
        "3": 89.42365604590086,
        "4": 139.02475026467286,
        "5": 77.70447947018332,
        "6": 161.5945748022133,
        "7": 199.758027971081,
        "8": 219.97287377627686,
        "9": 93.55047952641544,
        "10": 111.25096374568923,
        "11": 112.07647776081856,
        "12": 80.85853443616932,
        "13": 94.99883401423591,
        "14": 156.00770585575472,
        "15": 182.7060801845854,
        "16": 134.30020980846825,
        "17": 204.46390451345837,
        "18": 186.37524739055388,
        "19": 135.41598450930172,
        "20": 64.89301075562557,
        "21": 105.79251653986543,
        "22": 105.55681914459154,
        "23": 93.25702422246873
    },
    "Scenario3": {
        "Probability": 0.0021396544994423915,
        "0": 52.7139022367997,
        "1": 116.05627513486333,
        "2": 201.39723356493656,
        "3": 150.9598414015671,
        "4": 164.64603863979465,
        "5": 130.20453928312617,
        "6": 161.5945748022133,
        "7": 199.758027971081,
        "8": 170.09670614654394,
        "9": 64.42236475295142,
        "10": 111.25096374568923,
        "11": 182.2807573172858,
        "12": 130.79938130020423,
        "13": 141.37889995998694,
        "14": 105.21741226223426,
        "15": 125.81984091460234,
        "16": 218.56245425068846,
        "17": 204.46390451345837,
        "18": 162.85261967291171,
        "19": 135.41598450930172,
        "20": 64.89301075562557,
        "21": 105.79251653986543,
        "22": 85.38642216896835,
        "23": 93.25702422246873
    },
    "Scenario4": {
        "Probability": 0.5423642470058417,
        "0": 52.7139022367997,
        "1": 71.84857925841894,
        "2": 235.73627155394212,
        "3": 89.42365604590086,
        "4": 139.02475026467286,
        "5": 130.20453928312617,
        "6": 137.00530329106175,
        "7": 146.80094425499772,
        "8": 120.22053851681103,
        "9": 151.80670907334346,
        "10": 111.25096374568923,
        "11": 112.07647776081856,
        "12": 155.7698047322217,
        "13": 118.18886698711142,
        "14": 156.00770585575472,
        "15": 154.26296054959386,
        "16": 190.47503943661508,
        "17": 148.80354239894507,
        "18": 162.85261967291171,
        "19": 176.3728628068735,
        "20": 101.49525347560485,
        "21": 71.69331323069403,
        "22": 85.38642216896835,
        "23": 73.04324947358121
    },
    "Scenario5": {
        "Probability": 0.38392302621319674,
        "0": 74.15854780013265,
        "1": 49.744731320196735,
        "2": 235.73627155394212,
        "3": 150.9598414015671,
        "4": 139.02475026467286,
        "5": 130.20453928312617,
        "6": 161.5945748022133,
        "7": 120.32240239695605,
        "8": 120.22053851681103,
        "9": 122.67859429987945,
        "10": 111.25096374568923,
        "11": 112.07647776081856,
        "12": 80.85853443616932,
        "13": 141.37889995998694,
        "14": 105.21741226223426,
        "15": 154.26296054959386,
        "16": 190.47503943661508,
        "17": 204.46390451345837,
        "18": 162.85261967291171,
        "19": 114.93754536051581,
        "20": 46.591889395635924,
        "21": 88.74291488527973,
        "22": 65.21602519334516,
        "23": 113.47079897135625
    },
    "Scenario6": {
        "Probability": 9.478170096089317e-05,
        "0": 117.04783892679859,
        "1": 138.16012307308551,
        "2": 338.7533855209589,
        "3": 181.72793407940023,
        "4": 139.02475026467286,
        "5": 103.95450937665474,
        "6": 112.41603177991018,
        "7": 120.32240239695605,
        "8": 145.1586223316775,
        "9": 93.55047952641544,
        "10": 83.8455374443859,
        "11": 135.47790427964097,
        "12": 105.82895786818679,
        "13": 94.99883401423591,
        "14": 156.00770585575472,
        "15": 154.26296054959386,
        "16": 162.38762462254167,
        "17": 93.14318028443175,
        "18": 162.85261967291171,
        "19": 135.41598450930172,
        "20": 83.1941321156152,
        "21": 105.79251653986543,
        "22": 65.21602519334516,
        "23": 52.82947472469371
    },
    "Scenario7": {
        "Probability": 0.0005360585465834018,
        "0": 52.7139022367997,
        "1": 93.95242719664112,
        "2": 270.0753095429477,
        "3": 150.9598414015671,
        "4": 164.64603863979465,
        "5": 182.70459909606905,
        "6": 87.82676026875862,
        "7": 173.27948611303935,
        "8": 95.28245470194457,
        "9": 122.67859429987945,
        "10": 111.25096374568923,
        "11": 135.47790427964097,
        "12": 130.79938130020423,
        "13": 187.75896590573797,
        "14": 130.6125590589945,
        "15": 211.14919981957695,
        "16": 218.56245425068846,
        "17": 176.63372345620172,
        "18": 162.85261967291171,
        "19": 155.89442365808762,
        "20": 83.1941321156152,
        "21": 105.79251653986543,
        "22": 65.21602519334516,
        "23": 93.25702422246873
    },
    "Scenario8": {
        "Probability": 0.03397744519103212,
        "0": 74.15854780013265,
        "1": 71.84857925841894,
        "2": 235.73627155394212,
        "3": 89.42365604590086,
        "4": 139.02475026467286,
        "5": 130.20453928312617,
        "6": 112.41603177991018,
        "7": 120.32240239695605,
        "8": 170.09670614654394,
        "9": 122.67859429987945,
        "10": 111.25096374568923,
        "11": 88.67505124199614,
        "12": 105.82895786818679,
        "13": 118.18886698711142,
        "14": 130.6125590589945,
        "15": 211.14919981957695,
        "16": 190.47503943661508,
        "17": 176.63372345620172,
        "18": 139.32999195526955,
        "19": 176.3728628068735,
        "20": 83.1941321156152,
        "21": 105.79251653986543,
        "22": 145.89761309583793,
        "23": 113.47079897135625
    },
    "Scenario9": {
        "Probability": 0.0005366413737175445,
        "0": 52.7139022367997,
        "1": 49.744731320196735,
        "2": 270.0753095429477,
        "3": 150.9598414015671,
        "4": 113.40346188955107,
        "5": 103.95450937665474,
        "6": 161.5945748022133,
        "7": 173.27948611303935,
        "8": 219.97287377627686,
        "9": 180.9348238468075,
        "10": 83.8455374443859,
        "11": 112.07647776081856,
        "12": 80.85853443616932,
        "13": 141.37889995998694,
        "14": 130.6125590589945,
        "15": 182.7060801845854,
        "16": 134.30020980846825,
        "17": 148.80354239894507,
        "18": 115.8073642376274,
        "19": 135.41598450930172,
        "20": 83.1941321156152,
        "21": 54.643711576108316,
        "22": 85.38642216896835,
        "23": 73.04324947358121
    },
    "Scenario10": {
        "Probability": 0.0001343014797202067,
        "0": 52.7139022367997,
        "1": 49.744731320196735,
        "2": 201.39723356493656,
        "3": 120.19174872373398,