{
    "Forecast_demand": {
        "0": 86.89020582132288,
        "1": 102.67012913651094,
        "2": 197.10818009752964,
        "3": 131.41110425250923,
        "4": 134.36278677058627,
        "5": 133.35488413447985,
        "6": 148.67082790766605,
        "7": 155.76612945938308,
        "8": 149.41335246313022,
        "9": 132.52799498318225,
        "10": 128.1881334012233,
        "11": 123.8851574175104,
        "12": 120.24610785605115,
        "13": 129.2256067900492,
        "14": 144.84779804164918,
        "15": 166.56653578784764,
        "16": 169.65940464198837,
        "17": 180.98217387350823,
        "18": 159.72915392902087,
        "19": 141.17185343819725,
        "20": 103.37569949235706,
        "21": 108.05637359730451,
        "22": 106.48752403357732,
        "23": 111.895874623898
    }
}