Scenario,ObjectiveValue
Scenario1,-119.79640559921512
Scenario2,-114.03567774922509
Scenario3,-115.58101592341669
Scenario4,-139.12576984510258
Scenario5,-120.08118567974044
Scenario6,-122.37790380313173
Scenario7,-129.53927996181014
Scenario8,-117.67793195509886
Scenario9,-141.5069049088202
Scenario10,-135.17181923706218
