Scenario,ObjectiveValue
Scenario1,-123.05646549533593
Scenario2,-133.36346808431716
Scenario3,-124.24750763303716
Scenario4,-141.8492796345387
Scenario5,-125.20710482095657
Scenario6,-121.90983843479707
Scenario7,-111.99566194306644
Scenario8,-128.5584331159081
Scenario9,-117.53711816095011
Scenario10,-129.88802638958703
