Scenario,ObjectiveValue
Scenario1,-169.93286079574128
Scenario2,-162.80710860560157
Scenario3,-149.07889649176323
Scenario4,-162.2302506807326
Scenario5,-162.43129090244975
Scenario6,-153.26517999044663
Scenario7,-170.25457291938284
Scenario8,-165.55116384572258
Scenario9,-165.1745659651036
Scenario10,-152.96127189792355
