Scenario,ObjectiveValue
Scenario1,-299.74326723991976
Scenario2,-261.59331809957894
Scenario3,-290.4008057700441
Scenario4,-300.21046395773374
Scenario5,-275.11789386157017
Scenario6,-306.36097033350023
Scenario7,-282.98561646059886
Scenario8,-278.7761518764988
Scenario9,-283.98466266905916
Scenario10,-287.281060096788
