Scenario,ObjectiveValue
Scenario1,-180.6063006130998
Scenario2,-180.89797808779883
Scenario3,-170.99129436673138
Scenario4,-179.3139847654387
Scenario5,-184.35648654547916
Scenario6,-168.56455186748218
Scenario7,-186.36072273445507
Scenario8,-179.26661777168755
Scenario9,-187.70672629168328
Scenario10,-165.57634070122188
