Scenario,ObjectiveValue
Scenario1,-115.36965568034367
Scenario2,-133.8632287186457
Scenario3,-126.6811700124742
Scenario4,-123.32295179320326
Scenario5,-108.50448372749642
Scenario6,-142.1278272606545
Scenario7,-121.47266966240043
Scenario8,-131.5398142712711
Scenario9,-138.0634595018368
Scenario10,-139.94975642884435
