Scenario,ObjectiveValue
Scenario1,-360.6258624886384
Scenario2,-355.6826400644309
Scenario3,-363.04254502117533
Scenario4,-355.2817836734871
Scenario5,-364.4712396049067
Scenario6,-355.44056575364567
Scenario7,-365.019201060162
Scenario8,-358.7075940905718
Scenario9,-360.403286558482
Scenario10,-358.7903166457934
