Scenario,ObjectiveValue
Scenario1,-371.04388562631794
Scenario2,-374.3632440005269
Scenario3,-378.4655717308959
Scenario4,-379.65636608683
Scenario5,-375.79786171724317
Scenario6,-372.75560983143333
Scenario7,-377.0248515520423
Scenario8,-374.4266826303809
Scenario9,-375.066564914256
Scenario10,-374.4283823991354
