Scenario,ObjectiveValue
Scenario1,-76.94896448287525
Scenario2,-108.812934701868
Scenario3,-162.1607305173353
Scenario4,-158.23486226607483
Scenario5,-141.0150460137561
Scenario6,-112.25841473739322
Scenario7,-132.19030700771805
Scenario8,-124.4857283676026
Scenario9,-137.96712034178984
Scenario10,-119.01616431358885
