Scenario,ObjectiveValue
Scenario1,-359.3168564204626
Scenario2,-355.067086820838
Scenario3,-361.77591861248885
Scenario4,-354.5173945657999
Scenario5,-362.20853782029195
Scenario6,-351.8207281831737
Scenario7,-363.8860962712632
Scenario8,-357.60532425445615
Scenario9,-359.85023027157183
Scenario10,-357.95989569078273
