Scenario,ObjectiveValue
Scenario1,-317.7609894733968
Scenario2,-298.55671801102517
Scenario3,-324.58150327411204
Scenario4,-331.4468468206918
Scenario5,-322.8061465726736
Scenario6,-316.75958896708596
Scenario7,-331.0675657295359
Scenario8,-334.87447619700765
Scenario9,-319.1578657603931
Scenario10,-323.9074116498721
