Scenario,ObjectiveValue
Scenario1,-175.76461086324926
Scenario2,-141.7393031736271
Scenario3,-147.72467149910983
Scenario4,-160.9682136924433
Scenario5,-151.59901996223465
Scenario6,-150.10487387873746
Scenario7,-147.73328305998936
Scenario8,-152.5550906236255
Scenario9,-164.480164984121
Scenario10,-150.18250524659683
