Scenario,ObjectiveValue
Scenario1,-201.63390151471913
Scenario2,-164.9037923599564
Scenario3,-171.47943817045748
Scenario4,-186.16289325261656
Scenario5,-174.6834346665523
Scenario6,-173.10321395723844
Scenario7,-170.40808887976334
Scenario8,-175.69606307127435
Scenario9,-189.73718696432343
Scenario10,-173.486538014832
