Scenario,ObjectiveValue
Scenario1,-108.64119482771397
Scenario2,-105.40917713365383
Scenario3,-106.1634602671354
Scenario4,-123.74256768734621
Scenario5,-104.89141413318112
Scenario6,-109.20089883882794
Scenario7,-116.63571994557836
Scenario8,-107.43794593905167
Scenario9,-125.65686444367168
Scenario10,-123.21276760556313
