Scenario,ObjectiveValue
Scenario1,-155.99324490071427
Scenario2,-156.99815407892072
Scenario3,-148.33965124942503
Scenario4,-154.87443099826095
Scenario5,-160.6072729983487
Scenario6,-145.0546400580517
Scenario7,-161.2391910461704
Scenario8,-154.86586042279728
Scenario9,-163.77586329785933
Scenario10,-142.85794499826977
