Scenario,ObjectiveValue
Scenario1,-345.0926375540694
Scenario2,-340.3151556730183
Scenario3,-339.45265028211975
Scenario4,-337.705624607961
Scenario5,-339.41894896085205
Scenario6,-339.215561822957
Scenario7,-339.2935239431648
Scenario8,-339.7447502515233
Scenario9,-347.3463450627265
Scenario10,-335.74315517213176
