Scenario,ObjectiveValue
Scenario1,-311.99598437246806
Scenario2,-306.38736355316377
Scenario3,-311.08625148261467
Scenario4,-307.4495365545258
Scenario5,-309.53980027859507
Scenario6,-309.64316586485165
Scenario7,-308.36089841806285
Scenario8,-305.7562778993021
Scenario9,-313.1015935159383
Scenario10,-307.83782904563043
