Scenario,ObjectiveValue
Scenario1,-344.08810808429484
Scenario2,-347.06691787177266
Scenario3,-350.19856135854013
Scenario4,-351.7468816003512
Scenario5,-347.45157529008935
Scenario6,-344.76203076972934
Scenario7,-349.0338762275759
Scenario8,-347.17079231659574
Scenario9,-347.5447281164322
Scenario10,-347.8928981634386
