Scenario,ObjectiveValue
Scenario1,-124.79995274931368
Scenario2,-99.90900997842682
Scenario3,-156.8895407484428
Scenario4,-125.73698013037946
Scenario5,-135.9470970312458
Scenario6,-141.54696914128732
Scenario7,-141.7963796833804
Scenario8,-155.87529002318632
Scenario9,-125.02984671975594
Scenario10,-132.7748513745027
