Scenario,ObjectiveValue
Scenario1,-99.74654351152985
Scenario2,-113.79541331788447
Scenario3,-108.37656845807206
Scenario4,-105.8069007394597
Scenario5,-92.58847988021326
Scenario6,-122.49804847110693
Scenario7,-104.84392838363041
Scenario8,-113.26667119418833
Scenario9,-119.27464308340157
Scenario10,-119.5590063908789
