Scenario,ObjectiveValue
Scenario1,-179.8295013851368
Scenario2,-151.36858795712357
Scenario3,-159.36869061801065
Scenario4,-163.4959800318155
Scenario5,-155.97843908325697
Scenario6,-160.86813388358325
Scenario7,-154.0720430584397
Scenario8,-156.73408711803143
Scenario9,-180.96053513634217
Scenario10,-154.1563667710911
