Scenario,ObjectiveValue
Scenario1,-348.2172080684179
Scenario2,-339.7639516572359
Scenario3,-344.9314279957792
Scenario4,-348.7286088671567
Scenario5,-353.6668473028651
Scenario6,-352.016270282692
Scenario7,-353.1128261431344
Scenario8,-342.55737937444616
Scenario9,-346.29839384245105
Scenario10,-350.8951996287879
