Scenario,ObjectiveValue
Scenario1,-313.27264581814205
Scenario2,-303.277272560536
Scenario3,-312.22396756731735
Scenario4,-307.8340075209565
Scenario5,-309.0327454341151
Scenario6,-309.8271771787495
Scenario7,-309.03927061192496
Scenario8,-305.9153593908012
Scenario9,-313.29528482552683
Scenario10,-307.182671220219
