Scenario,ObjectiveValue
Scenario1,-332.2795760614868
Scenario2,-327.33635363727893
Scenario3,-334.6962585940217
Scenario4,-326.9354972463359
Scenario5,-336.0740595299769
Scenario6,-327.094279326494
Scenario7,-336.67291463301024
Scenario8,-330.3613076634199
Scenario9,-332.05700013133
Scenario10,-330.44403021864116
