Scenario,ObjectiveValue
Scenario1,-285.24699008303696
Scenario2,-278.04107712599034
Scenario3,-283.5680707638146
Scenario4,-280.99686212307813
Scenario5,-281.21868366576825
Scenario6,-281.2968794376977
Scenario7,-280.59241510834875
Scenario8,-277.40999147215143
Scenario9,-285.3220209690278
Scenario10,-280.48624052072296
