Scenario,ObjectiveValue
Scenario1,-316.7463511269184
Scenario2,-311.9688692458431
Scenario3,-311.10636385496935
Scenario4,-309.35933818080946
Scenario5,-311.0726625337005
Scenario6,-310.8692753958058
Scenario7,-310.9472375160149
Scenario8,-311.69773265337324
Scenario9,-319.00005863557453
Scenario10,-307.396868744982
