Scenario,ObjectiveValue
Scenario1,-371.79926142453536
Scenario2,-365.25952793344726
Scenario3,-368.4485116112665
Scenario4,-369.84482742275395
Scenario5,-364.54079552452197
Scenario6,-369.2844513072104
Scenario7,-376.2143134037296
Scenario8,-374.55821759483314
Scenario9,-374.8816205416902
Scenario10,-374.9321543761732
