Scenario,ObjectiveValue
Scenario1,-103.52925465395393
Scenario2,-97.10284210515162
Scenario3,-99.32686610214498
Scenario4,-119.67717933255298
Scenario5,-104.21989653928972
Scenario6,-105.00969503025375
Scenario7,-111.9257191466409
Scenario8,-100.48958396700851
Scenario9,-122.39444539365802
Scenario10,-116.40268067548855
