Scenario,ObjectiveValue
Scenario1,-72.36887943564852
Scenario2,-105.18643317482392
Scenario3,-152.07459150495106
Scenario4,-137.91687547578175
Scenario5,-128.86839216047227
Scenario6,-100.1378171305069
Scenario7,-121.6830673583669
Scenario8,-109.85655573861966
Scenario9,-124.79748959890165
Scenario10,-107.70149044073746
