Scenario,ObjectiveValue
Scenario1,-64.83122971367969
Scenario2,-92.42511586100471
Scenario3,-141.33698591201767
Scenario4,-137.0917330196032
Scenario5,-120.61976455594187
Scenario6,-96.08412653570969
Scenario7,-113.89093837182547
Scenario8,-108.26185463169688
Scenario9,-118.97517486774545
Scenario10,-102.08462652686441
