Scenario,ObjectiveValue
Scenario1,-130.0050958519584
Scenario2,-151.59090809861993
Scenario3,-139.6616796111915
Scenario4,-149.23807946318075
Scenario5,-142.58819063398644
Scenario6,-132.30085544763855
Scenario7,-116.47192822758758
Scenario8,-134.607662695386
Scenario9,-131.3058413839337
Scenario10,-140.2931198786432
