Scenario,ObjectiveValue
Scenario1,-344.9172332285902
Scenario2,-339.23314420909816
Scenario3,-339.1504003890824
Scenario4,-337.4892981971608
Scenario5,-338.7275573878802
Scenario6,-338.05643185157766
Scenario7,-339.17066104019
Scenario8,-339.889094122048
Scenario9,-347.7866424921842
Scenario10,-335.6106471734537
