Scenario,ObjectiveValue
Scenario1,-102.20881287473054
Scenario2,-127.06835353829264
Scenario3,-115.25051346363323
Scenario4,-114.237603160502
Scenario5,-99.4519480452601
Scenario6,-125.41560981978351
Scenario7,-110.50254271986377
Scenario8,-125.65288480435
Scenario9,-123.02231099008117
Scenario10,-128.62042801215637
