Scenario,ObjectiveValue
Scenario1,-114.49374443188222
Scenario2,-96.78629924796384
Scenario3,-144.46145460791206
Scenario4,-120.22221154572566
Scenario5,-123.11319410673063
Scenario6,-125.50013039837283
Scenario7,-134.425612639084
Scenario8,-138.75934610748524
Scenario9,-109.95529560124612
Scenario10,-117.28719692531733
