{
    "heat_demand": {
        "1": 129.154168425,
        "2": 159.908335437,
        "3": 291.81250681,
        "4": 167.220836419,
        "5": 188.450002631,
        "6": 199.075003515,
        "7": 168.333336317,
        "8": 134.787502615,
        "9": 143.912502627,
        "10": 100.529167747,
        "11": 67.425000523,
        "12": 95.233333915,
        "13": 59.375001031,
        "14": 73.662501414,
        "15": 89.125001509,
        "16": 103.32083481,
        "17": 103.10416809,
        "18": 120.470835331,
        "19": 76.570834936,
        "20": 111.708335364,
        "21": 35.983334027,
        "22": 61.658334042,
        "23": 47.658334194,
        "24": 71.458334748
    }
}