{
    "heat_demand": {
        "1": 4.77083344,
        "2": 42.383334051,
        "3": 178.750002809,
        "4": 36.850000467,
        "5": 68.88750159,
        "6": 52.920833668,
        "7": 29.887500425,
        "8": 24.22916727,
        "9": 48.97500126,
        "10": 62.204168145,
        "11": 39.541667598,
        "12": 49.845834606,
        "13": 36.420834098,
        "14": 36.387500672,
        "15": 39.30833415400001,
        "16": 82.062501621,
        "17": 81.520835506,
        "18": 74.816667432,
        "19": 51.295834479,
        "20": 71.89166775,
        "21": 14.966666873,
        "22": 11.570833511,
        "23": 4.112500105,
        "24": 14.704166898
    }
}