{
    "heat_demand": {
        "1": 19.491667049,
        "2": 42.829166987,
        "3": 144.383335645,
        "4": 42.000000437,
        "5": 70.545834488,
        "6": 29.120833561,
        "7": 45.058334286,
        "8": 50.479167231000005,
        "9": 38.954167171,
        "10": 66.320834001,
        "11": 52.275001289,
        "12": 33.425000568,
        "13": 20.816667155,
        "14": 39.108334102,
        "15": 37.850000448,
        "16": 37.283334042,
        "17": 66.466668096,
        "18": 77.754168651,
        "19": 72.67916801199999,
        "20": 44.195833811,
        "21": 15.037499976,
        "22": 18.737500526,
        "23": 19.058333688,
        "24": 8.775000065
    }
}