{
    "heat_demand": {
        "1": 37.079167036,
        "2": 33.629167798,
        "3": 171.75000185,
        "4": 81.75833561,
        "5": 70.50000139000001,
        "6": 64.67500084,
        "7": 84.16666796,
        "8": 70.62916739,
        "9": 119.18333498,
        "10": 83.75833458700001,
        "11": 71.200001478,
        "12": 46.258334322,
        "13": 44.112501058,
        "14": 61.22500074,
        "15": 76.383334331,
        "16": 114.22916968,
        "17": 83.245834817,
        "18": 105.55000241,
        "19": 79.254167323,
        "20": 80.054168239,
        "21": 38.362500729,
        "22": 29.762500345,
        "23": 21.266667137,
        "24": 49.912500394
    }
}