{
    "heat_demand": {
        "1": 145.03750284,
        "2": 123.10416874,
        "3": 287.75834182,
        "4": 235.31666883,
        "5": 263.70833742,
        "6": 210.80000258,
        "7": 207.12917021,
        "8": 151.45000285,
        "9": 132.670836653,
        "10": 126.88333577,
        "11": 114.583336077,
        "12": 84.44583394,
        "13": 88.145834431,
        "14": 114.966668758,
        "15": 109.045836121,
        "16": 154.179168764,
        "17": 118.21250117,
        "18": 178.04583725,
        "19": 179.46250443,
        "20": 144.65833551,
        "21": 107.6166689,
        "22": 128.59166869,
        "23": 91.50833475,
        "24": 126.37500229
    }
}