{
    "heat_demand": {
        "1": 102.57500156,
        "2": 118.45000176,
        "3": 275.35833658,
        "4": 156.64583604,
        "5": 143.47916881,
        "6": 99.92916788,
        "7": 106.845835267,
        "8": 123.24583553,
        "9": 126.6541683,
        "10": 73.062501237,
        "11": 70.670834891,
        "12": 99.41666817,
        "13": 75.3458346,
        "14": 48.562501009,
        "15": 94.87083478,
        "16": 88.42083489000001,
        "17": 116.71250268,
        "18": 149.89583528,
        "19": 124.11666927,
        "20": 62.583334475,
        "21": 29.704167332,
        "22": 48.304167472,
        "23": 28.079166968000003,
        "24": 32.504166851
    }
}