{
    "heat_demand": {
        "1": 12.575000336,
        "2": 34.779167249,
        "3": 128.195836213,
        "4": 55.537500776,
        "5": 69.979167654,
        "6": 43.120833687,
        "7": 25.106667135,
        "8": 46.2500008,
        "9": 72.041667601,
        "10": 26.629167097,
        "11": 59.37500093,
        "12": 60.141668211,
        "13": 76.6208347,
        "14": 45.020834423,
        "15": 40.108334271,
        "16": 65.687501577,
        "17": 55.495834494,
        "18": 71.87500120199999,
        "19": 68.56250149600001,
        "20": 47.066667199,
        "21": 16.137500435,
        "22": 8.400000132,
        "23": 28.154166926,
        "24": 17.90000025
    }
}