{
    "heat_demand": {
        "1": 38.80321860304693,
        "2": 46.88090613447741,
        "3": 92.88399926831568,
        "4": 62.08144636603679,
        "5": 68.58174252850482,
        "6": 66.05539330483214,
        "7": 64.07779591257393,
        "8": 56.836145404267846,
        "9": 54.47261182058495,
        "10": 47.91603163903743,
        "11": 45.08540235503501,
        "12": 43.59150934944637,
        "13": 42.22027402905724,
        "14": 46.38757037000662,
        "15": 50.18081677819513,
        "16": 60.122057071074536,
        "17": 55.86435207557615,
        "18": 62.07974782174407,
        "19": 55.48962512811315,
        "20": 50.62978114101775,
        "21": 34.17174045437648,
        "22": 35.82687245215457,
        "23": 34.40072404058082,
        "24": 35.668639028837745
    }
}