{
    "heat_demand": {
        "1": 42.93003346987888,
        "2": 49.94433894410759,
        "3": 94.03254851258028,
        "4": 61.41195546034911,
        "5": 61.56012998504249,
        "6": 59.83390960925733,
        "7": 65.23056888226175,
        "8": 66.69433674045136,
        "9": 62.310574204857,
        "10": 53.81529693810797,
        "11": 50.69618151734267,
        "12": 47.85750997660117,
        "13": 45.38973115560906,
        "14": 47.8358226684982,
        "15": 52.7244393128923,
        "16": 59.82705100140978,
        "17": 60.15316347146954,
        "18": 63.32408781117677,
        "19": 55.17283614257072,
        "20": 48.21200374162118,
        "21": 34.901742325882935,
        "22": 36.07187640013398,
        "23": 35.182390307861226,
        "24": 36.555242774616566
    }
}