{
    "heat_demand": {
        "1": 115.09819676627974,
        "2": 138.89032490302077,
        "3": 275.27240084627414,
        "4": 191.26946732977447,
        "5": 207.0948218381289,
        "6": 203.75333223740265,
        "7": 200.25838105081868,
        "8": 187.7182568280963,
        "9": 183.58081785643543,
        "10": 165.74976194181525,
        "11": 156.17539692772655,
        "12": 143.39407184391985,
        "13": 152.3632839129067,
        "14": 171.43752139826995,
        "15": 181.6685708471841,
        "16": 192.2493057375141,
        "17": 201.55554924504665,
        "18": 220.12988905717745,
        "19": 204.50569959315465,
        "20": 180.92105540356175,
        "21": 125.15665202435152,
        "22": 135.77948086702483,
        "23": 133.4129575025146,
        "24": 137.0743063770169
    }
}