{
    "heat_demand": {
        "1": 43.23253744820239,
        "2": 49.80368966421722,
        "3": 103.23696638860196,
        "4": 67.01630690821528,
        "5": 76.35427735256178,
        "6": 71.5362317258457,
        "7": 71.12055876569818,
        "8": 63.4581086930931,
        "9": 59.03278961511951,
        "10": 54.294075742514494,
        "11": 52.668841350787744,
        "12": 48.70991175412233,
        "13": 49.999345836215845,
        "14": 51.8816148292385,
        "15": 60.66060238564516,
        "16": 67.82369884517024,
        "17": 67.33118438317842,
        "18": 71.31620715613359,
        "19": 63.16704883271753,
        "20": 59.15634665365794,
        "21": 42.52147957276554,
        "22": 42.43408019322965,
        "23": 42.82157475263628,
        "24": 43.63284968572364
    }
}