{
    "heat_demand": {
        "1": 136.30073130880112,
        "2": 161.79318458245825,
        "3": 307.945532128739,
        "4": 224.33809213545905,
        "5": 244.92845964051588,
        "6": 227.51863997635897,
        "7": 211.82160716046496,
        "8": 195.49702180559063,
        "9": 178.67897818859018,
        "10": 165.75179782570095,
        "11": 162.13029755988526,
        "12": 143.49828864570688,
        "13": 157.27609530737038,
        "14": 168.5615827139588,
        "15": 191.0740243862453,
        "16": 209.9782588863518,
        "17": 203.1153153118056,
        "18": 221.8500904881562,
        "19": 195.40575876553453,
        "20": 174.19685671830308,
        "21": 130.24971892765575,
        "22": 127.61617203724172,
        "23": 130.5747347277373,
        "24": 131.10708315330484
    }
}