{
    "heat_demand": {
        "1": 37.1822616675468,
        "2": 44.471830294870536,
        "3": 87.02106205158181,
        "4": 59.67382972821453,
        "5": 63.7125831418113,
        "6": 61.86148740537026,
        "7": 60.15586730667779,
        "8": 55.95968854109214,
        "9": 54.33386477397181,
        "10": 48.87219579039606,
        "11": 45.816719251127736,
        "12": 41.90427271042349,
        "13": 44.436885605577054,
        "14": 49.84011721782744,
        "15": 52.67640510196684,
        "16": 55.50526733248797,
        "17": 57.95291704961386,
        "18": 63.05943985394768,
        "19": 58.362549371962686,
        "20": 51.41796667831389,
        "21": 35.47532544708103,
        "22": 38.40549695838384,
        "23": 37.66170030182049,
        "24": 38.64345630296512
    }
}