{
    "Scenario1": {
        "Probability": 0.06465160382814844,
        "1": 112.25811373104145,
        "2": 158.94195001398307,
        "3": 348.31470402060813,
        "4": 169.7827593249437,
        "5": 238.61308870414558,
        "6": 149.18801213480828,
        "7": 183.8117776538826,
        "8": 217.62870623370657,
        "9": 157.252499145335,
        "10": 150.71986014063316,
        "11": 161.0810767023605,
        "12": 129.60598888024307,
        "13": 94.01755080347392,
        "14": 128.57376092788238,
        "15": 163.96105270236765,
        "16": 159.55469540723016,
        "17": 164.2623503925405,
        "18": 201.83325789128662,
        "19": 132.9322630983169,
        "20": 126.71794843005412,
        "21": 75.1041659607807,
        "22": 78.59263578534086,
        "23": 53.78352237195361,
        "24": 59.15024477239584
    },
    "Scenario2": {
        "Probability": 0.1906796009243431,
        "1": 112.25811373104145,
        "2": 158.94195001398307,
        "3": 440,
        "4": 200.55085200277682,
        "5": 187.37051195390202,
        "6": 175.4380420412797,
        "7": 208.40104916503412,
        "8": 164.6716225176233,
        "9": 182.19058296020148,
        "10": 150.71986014063316,
        "11": 161.0810767023605,
        "12": 106.20456236142067,
        "13": 118.98797423549138,
        "14": 30,
        "15": 113.1707591088472,
        "16": 159.55469540723016,
        "17": 164.2623503925405,
        "18": 146.17289577677332,
        "19": 109.40963538067474,
        "20": 167.67482672762594,
        "21": 75.1041659607807,
        "22": 78.59263578534086,
        "23": 53.78352237195361,
        "24": 79.36401952128335
    },
    "Scenario3": {
        "Probability": 0.1291891257441858,
        "1": 133.7027592943744,
        "2": 92.63040619931648,
        "3": 400,
        "4": 169.7827593249437,
        "5": 136.12793520365847,
        "6": 201.68807194775113,
        "7": 183.8117776538826,
        "8": 164.6716225176233,
        "9": 157.252499145335,
        "10": 179.84797491409716,
        "11": 106.27022409975383,
        "12": 129.60598888024307,
        "13": 118.98797423549138,
        "14": 128.57376092788238,
        "15": 113.1707591088472,
        "16": 187.9978150422217,
        "17": 164.2623503925405,
        "18": 174.00307683402997,
        "19": 156.45489081595906,
        "20": 126.71794843005412,
        "21": 75.1041659607807,
        "22": 78.59263578534086,
        "23": 73.9539193475768,
        "24": 79.36401952128335
    },
    "Scenario4": {
        "Probability": 0.10965728905794837,
        "1": 90.81346816770848,
        "2": 136.83810207576087,
        "3": 410,
        "4": 169.7827593249437,
        "5": 161.74922357878023,
        "6": 201.68807194775113,
        "7": 159.22250614273102,
        "8": 164.6716225176233,
        "9": 157.252499145335,
        "10": 179.84797491409716,
        "11": 133.67565040105717,
        "12": 129.60598888024307,
        "13": 118.98797423549138,
        "14": 50,
        "15": 138.56590590560742,
        "16": 159.55469540723016,
        "17": 192.3497652066139,
        "18": 174.00307683402997,
        "19": 156.45489081595906,
        "20": 126.71794843005412,
        "21": 56.80304460079107,
        "22": 78.59263578534086,
        "23": 73.9539193475768,
        "24": 79.36401952128335
    },
    "Scenario5": {
        "Probability": 0.06753729459609892,
        "1": 133.7027592943744,
        "2": 114.73425413753867,
        "3": 348.31470402060813,
        "4": 169.7827593249437,
        "5": 187.37051195390202,
        "6": 201.68807194775113,
        "7": 208.40104916503412,
        "8": 217.62870623370657,
        "9": 207.12866677506793,
        "10": 121.59174536716915,
        "11": 133.67565040105717,
        "12": 129.60598888024307,
        "13": 118.98797423549138,
        "14": 105.38372795500686,
        "15": 113.1707591088472,
        "16": 131.11157577223864,
        "17": 164.2623503925405,
        "18": 174.00307683402997,
        "19": 132.9322630983169,
        "20": 126.71794843005412,
        "21": 75.1041659607807,
        "22": 78.59263578534086,
        "23": 94.12431632319999,
        "24": 79.36401952128335
    },
    "Scenario6": {
        "Probability": 0.09529662337305533,
        "1": 112.25811373104145,
        "2": 136.83810207576087,
        "3": 279.63662804259695,
        "4": 200.55085200277682,
        "5": 187.37051195390202,
        "6": 201.68807194775113,
        "7": 208.40104916503412,
        "8": 191.15016437566493,
        "9": 207.12866677506793,
        "10": 179.84797491409716,
        "11": 133.67565040105717,
        "12": 153.0074153990655,
        "13": 118.98797423549138,
        "14": 60,
        "15": 113.1707591088472,
        "16": 159.55469540723016,
        "17": 164.2623503925405,
        "18": 146.17289577677332,
        "19": 179.97751853360123,
        "20": 126.71794843005412,
        "21": 75.1041659607807,
        "22": 61.54303413075516,
        "23": 53.78352237195361,
        "24": 38.936470023508335
    },
    "Scenario7": {
        "Probability": 0.07814497002725437,
        "1": 112.25811373104145,
        "2": 114.73425413753867,
        "3": 313.97566603160254,
        "4": 200.55085200277682,
        "5": 161.74922357878023,
        "6": 149.18801213480828,
        "7": 183.8117776538826,
        "8": 138.19308065958165,
        "9": 182.19058296020148,
        "10": 150.71986014063316,
        "11": 133.67565040105717,
        "12": 153.0074153990655,
        "13": 118.98797423549138,
        "14": 30,
        "15": 163.96105270236765,
        "16": 131.11157577223864,
        "17": 192.3497652066139,
        "18": 229.66343894854327,
        "19": 156.45489081595906,
        "20": 126.71794843005412,
        "21": 56.80304460079107,
        "22": 78.59263578534086,
        "23": 73.9539193475768,
        "24": 59.15024477239584
    },
    "Scenario8": {
        "Probability": 0.08478865391773731,
        "1": 112.25811373104145,
        "2": 114.73425413753867,
        "3": 313.97566603160254,
        "4": 200.55085200277682,
        "5": 187.37051195390202,
        "6": 149.18801213480828,
        "7": 183.8117776538826,
        "8": 217.62870623370657,
        "9": 157.252499145335,
        "10": 179.84797491409716,
        "11": 133.67565040105717,
        "12": 129.60598888024307,
        "13": 143.95839766750885,
        "14": 128.57376092788238,
        "15": 138.56590590560742,
        "16": 187.9978150422217,
        "17": 164.2623503925405,
        "18": 174.00307683402997,
        "19": 156.45489081595906,
        "20": 85.7610701324823,
        "21": 75.1041659607807,
        "22": 78.59263578534086,
        "23": 73.9539193475768,
        "24": 59.15024477239584
    },
    "Scenario9": {
        "Probability": 0.09732383944371831,
        "1": 112.25811373104145,
        "2": 136.83810207576087,
        "3": 400,
        "4": 169.7827593249437,
        "5": 187.37051195390202,
        "6": 175.4380420412797,
        "7": 159.22250614273102,
        "8": 164.6716225176233,
        "9": 232.06675058993437,
        "10": 121.59174536716915,
        "11": 161.0810767023605,
        "12": 153.0074153990655,
        "13": 118.98797423549138,
        "14": 20,
        "15": 113.1707591088472,
        "16": 187.9978150422217,
        "17": 164.2623503925405,
        "18": 174.00307683402997,
        "19": 179.97751853360123,
        "20": 126.71794843005412,
        "21": 75.1041659607807,
        "22": 78.59263578534086,
        "23": 94.12431632319999,
        "24": 99.57779427017087
    },
    "Scenario10": {
        "Probability": 0.08273099908751019,
        "1": 112.25811373104145,
        "2": 136.83810207576087,
        "3": 348.31470402060813,
        "4": 169.7827593249437,
        "5": 187.37051195390202,
        "6": 149.18801213480828,
        "7": 208.40104916503412,
        "8": 164.6716225176233,
        "9": 157.252499145335,