{
    "Scenario1": {
        "Probability": 0.19684652072082265,
        "1": 30.500879427012173,
        "2": 41.085987724347405,
        "3": 141.86505784501443,
        "4": 25.028858701606907,
        "5": 106.63752922177017,
        "6": 68.38588687449203,
        "7": 84.04430566024543,
        "8": 28.01438163066608,
        "9": 54.77805948366677,
        "10": 44.44467505921169,
        "11": 35.731671695253674,
        "12": 60.302658616252906,
        "13": 35.582195848351475,
        "14": 40.84487502630073,
        "15": 21.030216606230233,
        "16": 55.52012360691647,
        "17": 60.05940436373172,
        "18": 39.13757568157041,
        "19": 42.76788685896622,
        "20": 53.40047772476241,
        "21": 40.64103355601334,
        "22": 40.170223135790565,
        "23": 41.89086986365051,
        "24": 24.993999284294375
    },
    "Scenario2": {
        "Probability": 0.05956775857403611,
        "1": 73.3901705536781,
        "2": 41.085987724347405,
        "3": 107.52601985600887,
        "4": 55.79695137944003,
        "5": 55.39495247152659,
        "6": 68.38588687449203,
        "7": 34.865762637942304,
        "8": 54.492923488707724,
        "9": 29.839975668800317,
        "10": 73.57278983267571,
        "11": 8.326245393950344,
        "12": 36.90123209743049,
        "13": 60.55261928036893,
        "14": 17.654842053425213,
        "15": 21.030216606230233,
        "16": -1.3661156630666085,
        "17": 60.05940436373172,
        "18": 39.13757568157041,
        "19": 66.29051457660839,
        "20": 53.40047772476241,
        "21": 4.038790836034053,
        "22": 6.071019826619164,
        "23": 41.89086986365051,
        "24": 24.993999284294375
    },
    "Scenario3": {
        "Probability": 0.05559726991556626,
        "1": 30.500879427012173,
        "2": 41.085987724347405,
        "3": 141.86505784501443,
        "4": 55.79695137944003,
        "5": 132.25881759689196,
        "6": 68.38588687449203,
        "7": 84.04430566024543,
        "8": 54.492923488707724,
        "9": 29.839975668800317,
        "10": 15.316560285747684,
        "11": 35.731671695253674,
        "12": 36.90123209743049,
        "13": 10.611772416334013,
        "14": 40.84487502630073,
        "15": 71.8205101997507,
        "16": 55.52012360691647,
        "17": 3.88457473558492,
        "18": 94.79793779608372,
        "19": 42.76788685896622,
        "20": 73.87891687354832,
        "21": 22.339912196023693,
        "22": 23.120621481204864,
        "23": 41.89086986365051,
        "24": 24.993999284294375
    },
    "Scenario4": {
        "Probability": 0.14072704889684468,
        "1": 30.500879427012173,
        "2": 41.085987724347405,
        "3": 141.86505784501443,
        "4": 55.79695137944003,
        "5": 81.01624084664837,
        "6": 42.13585696802059,
        "7": 84.04430566024543,
        "8": 28.01438163066608,
        "9": 54.77805948366677,
        "10": 73.57278983267571,
        "11": 63.13709799655701,
        "12": 13.499805578608076,
        "13": 35.582195848351475,
        "14": 64.03490799917624,
        "15": 46.42536340299047,
        "16": 83.96324324190802,
        "17": 60.05940436373172,
        "18": 66.96775673882706,
        "19": 89.81314229425055,
        "20": 53.40047772476241,
        "21": 22.339912196023693,
        "22": 6.071019826619164,
        "23": 41.89086986365051,
        "24": 45.20777403318189
    },
    "Scenario5": {
        "Probability": 0.06786911556379874,
        "1": 9.05623386367921,
        "2": 63.18983566256961,
        "3": 210.54313382302558,
        "4": 55.79695137944003,
        "5": 106.63752922177017,
        "6": 68.38588687449203,
        "7": 59.45503414909386,
        "8": 28.01438163066608,
        "9": 54.77805948366677,
        "10": 44.44467505921169,
        "11": 35.731671695253674,
        "12": 36.90123209743049,
        "13": 60.55261928036893,
        "14": 64.03490799917624,
        "15": 21.030216606230233,
        "16": 55.52012360691647,
        "17": 60.05940436373172,
        "18": 39.13757568157041,
        "19": 89.81314229425055,
        "20": 73.87891687354832,
        "21": 4.038790836034053,
        "22": 23.120621481204864,
        "23": 1.5500759124041252,
        "24": 24.993999284294375
    },
    "Scenario6": {
        "Probability": 0.08500673737342253,
        "1": 9.05623386367921,
        "2": 63.18983566256961,
        "3": 141.86505784501443,
        "4": 55.79695137944003,
        "5": 106.63752922177017,
        "6": 68.38588687449203,
        "7": 59.45503414909386,
        "8": 1.5358397726244348,
        "9": 54.77805948366677,
        "10": 44.44467505921169,
        "11": 63.13709799655701,
        "12": 36.90123209743049,
        "13": 35.582195848351475,
        "14": 17.654842053425213,
        "15": 21.030216606230233,
        "16": 83.96324324190802,
        "17": 88.14681917780513,
        "18": 39.13757568157041,
        "19": 42.76788685896622,
        "20": 53.40047772476241,
        "21": 40.64103355601334,
        "22": 23.120621481204864,
        "23": 1.5500759124041252,
        "24": 4.780224535406859
    },
    "Scenario7": {
        "Probability": 0.11499443861292905,
        "1": 9.05623386367921,
        "2": 18.98213978612521,
        "3": 73.18698186700328,
        "4": 25.028858701606907,
        "5": 55.39495247152659,
        "6": 94.63591678096347,
        "7": 84.04430566024543,
        "8": 80.97146534674937,
        "9": 29.839975668800317,
        "10": 44.44467505921169,
        "11": 8.326245393950344,
        "12": 36.90123209743049,
        "13": 60.55261928036893,
        "14": 17.654842053425213,
        "15": 21.030216606230233,
        "16": 55.52012360691647,
        "17": 88.14681917780513,
        "18": 94.79793779608372,
        "19": 89.81314229425055,
        "20": 73.87891687354832,
        "21": 22.339912196023693,
        "22": 23.120621481204864,
        "23": 21.720472888027317,
        "24": 24.993999284294375
    },
    "Scenario8": {
        "Probability": 0.0966672880913365,
        "1": -12.388411699653759,
        "2": 41.085987724347405,
        "3": 141.86505784501443,
        "4": 86.56504405727316,
        "5": 106.63752922177017,
        "6": 68.38588687449203,
        "7": 59.45503414909386,
        "8": 54.492923488707724,
        "9": 29.839975668800317,
        "10": 44.44467505921169,
        "11": 63.13709799655701,
        "12": 36.90123209743049,
        "13": 10.611772416334013,
        "14": 64.03490799917624,
        "15": 46.42536340299047,
        "16": 27.07700397192493,
        "17": 31.971989549658318,
        "18": 39.13757568157041,
        "19": 89.81314229425055,
        "20": 73.87891687354832,
        "21": 40.64103355601334,
        "22": 23.120621481204864,
        "23": 21.720472888027317,
        "24": 4.780224535406859
    },
    "Scenario9": {
        "Probability": 0.1176615406117413,
        "1": 30.500879427012173,
        "2": 41.085987724347405,
        "3": 141.86505784501443,
        "4": -36.50732665405934,
        "5": 106.63752922177017,
        "6": 68.38588687449203,
        "7": 59.45503414909386,
        "8": 54.492923488707724,
        "9": 54.77805948366677,
        "10": 44.44467505921169,
        "11": 63.13709799655701,
        "12": 36.90123209743049,
        "13": 60.55261928036893,
        "14": 64.03490799917624,
        "15": 46.42536340299047,
        "16": 55.52012360691647,
        "17": 60.05940436373172,
        "18": 66.96775673882706,
        "19": 42.76788685896622,
        "20": 73.87891687354832,
        "21": 40.64103355601334,
        "22": 6.071019826619164,
        "23": 41.89086986365051,
        "24": 45.20777403318189
    },
    "Scenario10": {
        "Probability": 0.06506228163950234,
        "1": 30.500879427012173,
        "2": 63.18983566256961,
        "3": 141.86505784501443,
        "4": 55.79695137944003,
        "5": 55.39495247152659,
        "6": 42.13585696802059,