{
    "Scenario1": {
        "Probability": 0.05089351033530588,
        "1": 102.36653874508951,
        "2": 108.06877502492875,
        "3": 313.90049230268664,
        "4": 149.2820191231661,
        "5": 211.7567853322155,
        "6": 200.602987386049,
        "7": 188.59285643421435,
        "8": 152.27452976566926,
        "9": 154.38800391011623,
        "10": 126.77224648504844,
        "11": 139.2382272721925,
        "12": 131.585392187228,
        "13": 137.94613392504232,
        "14": 206.7808475410832,
        "15": 142.03818506776918,
        "16": 208.38885013425187,
        "17": 194.28376922559994,
        "18": 243.6116196971276,
        "19": 184.10653761940333,
        "20": 175.16518647466623,
        "21": 104.97508464760966,
        "22": 133.51562380958575,
        "23": 132.48225261352883,
        "24": 118.43545597558764
    },
    "Scenario2": {
        "Probability": 0.11021477095204084,
        "1": 102.36653874508951,
        "2": 130.17262296315096,
        "3": 313.90049230268664,
        "4": 180.05011180099922,
        "5": 237.37807370733728,
        "6": 226.8530172925204,
        "7": 188.59285643421435,
        "8": 152.27452976566926,
        "9": 179.3260877249827,
        "10": 155.90036125851245,
        "11": 111.83280097088915,
        "12": 154.98681870605043,
        "13": 137.94613392504232,
        "14": 183.5908145682077,
        "15": 192.82847866128964,
        "16": 208.38885013425187,
        "17": 166.19635441152656,
        "18": 187.9512575826143,
        "19": 207.6291653370455,
        "20": 175.16518647466623,
        "21": 86.67396328762003,
        "22": 116.46602215500005,
        "23": 112.31185563790562,
        "24": 138.64923072447516
    },
    "Scenario3": {
        "Probability": 0.12158684974072012,
        "1": 102.36653874508951,
        "2": 130.17262296315096,
        "3": 348.2395302916922,
        "4": 149.2820191231661,
        "5": 186.1354969570937,
        "6": 174.35295747957755,
        "7": 188.59285643421435,
        "8": 152.27452976566926,
        "9": 154.38800391011623,
        "10": 126.77224648504844,
        "11": 139.2382272721925,
        "12": 131.585392187228,
        "13": 112.97571049302486,
        "14": 183.5908145682077,
        "15": 192.82847866128964,
        "16": 179.94573049926032,
        "17": 194.28376922559994,
        "18": 215.78143863987094,
        "19": 207.6291653370455,
        "20": 154.6867473258803,
        "21": 86.67396328762003,
        "22": 133.51562380958575,
        "23": 112.31185563790562,
        "24": 118.43545597558764
    },
    "Scenario4": {
        "Probability": 0.05777033044348599,
        "1": 123.8111843084225,
        "2": 130.17262296315096,
        "3": 313.90049230268664,
        "4": 210.81820447883234,
        "5": 237.37807370733728,
        "6": 174.35295747957755,
        "7": 164.00358492306282,
        "8": 205.23161348175256,
        "9": 204.26417153984914,
        "10": 155.90036125851245,
        "11": 139.2382272721925,
        "12": 131.585392187228,
        "13": 162.9165573570598,
        "14": 137.21074862245666,
        "15": 142.03818506776918,
        "16": 151.5026108642688,
        "17": 194.28376922559994,
        "18": 243.6116196971276,
        "19": 207.6291653370455,
        "20": 195.64362562345212,
        "21": 104.97508464760966,
        "22": 150.56522546417145,
        "23": 132.48225261352883,
        "24": 118.43545597558764
    },
    "Scenario5": {
        "Probability": 0.06758367424589708,
        "1": 102.36653874508951,
        "2": 152.27647090137316,
        "3": 313.90049230268664,
        "4": 149.2820191231661,
        "5": 186.1354969570937,
        "6": 174.35295747957755,
        "7": 188.59285643421435,
        "8": 178.75307162371092,
        "9": 179.3260877249827,
        "10": 126.77224648504844,
        "11": 84.42737466958582,
        "12": 131.585392187228,
        "13": 112.97571049302486,
        "14": 183.5908145682077,
        "15": 142.03818506776918,
        "16": 179.94573049926032,
        "17": 222.37118403967335,
        "18": 187.9512575826143,
        "19": 231.15179305468766,
        "20": 175.16518647466623,
        "21": 68.37284192763039,
        "22": 116.46602215500005,
        "23": 92.14145866228243,
        "24": 138.64923072447516
    },
    "Scenario6": {
        "Probability": 0.1346094839404995,
        "1": 102.36653874508951,
        "2": 108.06877502492875,
        "3": 313.90049230268664,
        "4": 210.81820447883234,
        "5": 211.7567853322155,
        "6": 200.602987386049,
        "7": 164.00358492306282,
        "8": 205.23161348175256,
        "9": 179.3260877249827,
        "10": 126.77224648504844,
        "11": 139.2382272721925,
        "12": 131.585392187228,
        "13": 162.9165573570598,
        "14": 160.40078159533218,
        "15": 192.82847866128964,
        "16": 208.38885013425187,
        "17": 194.28376922559994,
        "18": 243.6116196971276,
        "19": 160.58390990176116,
        "20": 175.16518647466623,
        "21": 104.97508464760966,
        "22": 133.51562380958575,
        "23": 132.48225261352883,
        "24": 118.43545597558764
    },
    "Scenario7": {
        "Probability": 0.11420942295574564,
        "1": 102.36653874508951,
        "2": 130.17262296315096,
        "3": 313.90049230268664,
        "4": 118.51392644533297,
        "5": 211.7567853322155,
        "6": 226.8530172925204,
        "7": 164.00358492306282,
        "8": 205.23161348175256,
        "9": 154.38800391011623,
        "10": 155.90036125851245,
        "11": 166.6436535734958,
        "12": 131.585392187228,
        "13": 162.9165573570598,
        "14": 137.21074862245666,
        "15": 142.03818506776918,
        "16": 151.5026108642688,
        "17": 166.19635441152656,
        "18": 215.78143863987094,
        "19": 184.10653761940333,
        "20": 175.16518647466623,
        "21": 86.67396328762003,
        "22": 116.46602215500005,
        "23": 112.31185563790562,
        "24": 118.43545597558764
    },
    "Scenario8": {
        "Probability": 0.059724710802114674,
        "1": 123.8111843084225,
        "2": 85.96492708670657,
        "3": 313.90049230268664,
        "4": 180.05011180099922,
        "5": 211.7567853322155,
        "6": 200.602987386049,
        "7": 164.00358492306282,
        "8": 205.23161348175256,
        "9": 179.3260877249827,
        "10": 155.90036125851245,
        "11": 166.6436535734958,
        "12": 131.585392187228,
        "13": 137.94613392504232,
        "14": 160.40078159533218,
        "15": 142.03818506776918,
        "16": 208.38885013425187,
        "17": 222.37118403967335,
        "18": 215.78143863987094,
        "19": 231.15179305468766,
        "20": 154.6867473258803,
        "21": 123.27620600759931,
        "22": 99.41642050041435,
        "23": 112.31185563790562,
        "24": 98.22168122670013
    },
    "Scenario9": {
        "Probability": 0.22359893481259357,
        "1": 123.8111843084225,
        "2": 152.27647090137316,
        "3": 313.90049230268664,
        "4": 210.81820447883234,
        "5": 186.1354969570937,
        "6": 200.602987386049,
        "7": 164.00358492306282,
        "8": 152.27452976566926,
        "9": 179.3260877249827,
        "10": 155.90036125851245,
        "11": 166.6436535734958,
        "12": 108.18396566840559,
        "13": 137.94613392504232,
        "14": 160.40078159533218,
        "15": 167.4333318645294,
        "16": 179.94573049926032,
        "17": 194.28376922559994,
        "18": 215.78143863987094,
        "19": 207.6291653370455,
        "20": 134.2083081770944,
        "21": 86.67396328762003,
        "22": 116.46602215500005,
        "23": 112.31185563790562,
        "24": 138.64923072447516
    },
    "Scenario10": {
        "Probability": 0.059808311771596824,
        "1": 102.36653874508951,
        "2": 130.17262296315096,
        "3": 313.90049230268664,
        "4": 118.51392644533297,