{
    "Scenario1": {
        "Probability": 0.14772181618681887,
        "1": 26.670206262676658,
        "2": 16.168643422318112,
        "3": 164.71571148814294,
        "4": 20.79812862291822,
        "5": 71.4850120806901,
        "6": 61.561351212001114,
        "7": 75.72012670924258,
        "8": 22.93718864943697,
        "9": 52.404886533695645,
        "10": 11.856837544627012,
        "11": 3.1831055267764654,
        "12": 54.902718299768466,
        "13": 6.359571312022098,
        "14": 40.020913316754616,
        "15": 39.45849354894172,
        "16": 44.04701372728681,
        "17": 23.22356040930105,
        "18": 31.319164672851848,
        "19": 38.35807883445719,
        "20": 45.961836524590076,
        "21": 15.424848349913258,
        "22": 19.120265180509975,
        "23": 16.49248573748384,
        "24": -0.36919071227434586
    },
    "Scenario2": {
        "Probability": 0.14938832511792668,
        "1": 26.670206262676658,
        "2": 38.27249136054031,
        "3": 96.03763551013179,
        "4": 20.79812862291822,
        "5": 71.4850120806901,
        "6": 87.81138111847255,
        "7": 51.13085519809102,
        "8": 22.93718864943697,
        "9": 52.404886533695645,
        "10": 11.856837544627012,
        "11": 30.588531828079795,
        "12": 31.501291780946048,
        "13": 81.27084160807448,
        "14": 16.8308803438791,
        "15": 64.85364034570195,
        "16": 44.04701372728681,
        "17": 79.39839003744785,
        "18": 59.1493457301085,
        "19": 61.88070655209935,
        "20": 86.91871482216189,
        "21": 15.424848349913258,
        "22": 36.169866835095675,
        "23": 16.49248573748384,
        "24": 19.84458403661317
    },
    "Scenario3": {
        "Probability": 0.0706259491169832,
        "1": 26.670206262676658,
        "2": 38.27249136054031,
        "3": 96.03763551013179,
        "4": 51.566221300751344,
        "5": 71.4850120806901,
        "6": 61.561351212001114,
        "7": 26.54158368693946,
        "8": 22.93718864943697,
        "9": 52.404886533695645,
        "10": 40.98495231809102,
        "11": 30.588531828079795,
        "12": 54.902718299768466,
        "13": 56.300418176057015,
        "14": 16.8308803438791,
        "15": -11.33180004457877,
        "16": 44.04701372728681,
        "17": 51.310975223374456,
        "18": 86.97952678736516,
        "19": 61.88070655209935,
        "20": 66.440275673376,
        "21": 15.424848349913258,
        "22": 19.120265180509975,
        "23": 16.49248573748384,
        "24": 19.84458403661317
    },
    "Scenario4": {
        "Probability": 0.0510939804418387,
        "1": 5.225560699343696,
        "2": 16.168643422318112,
        "3": 130.37667349913735,
        "4": 20.79812862291822,
        "5": 71.4850120806901,
        "6": 87.81138111847255,
        "7": 26.54158368693946,
        "8": 22.93718864943697,
        "9": 52.404886533695645,
        "10": 70.11306709155502,
        "11": 30.588531828079795,
        "12": 54.902718299768466,
        "13": 56.300418176057015,
        "14": 40.020913316754616,
        "15": 14.06334675218148,
        "16": 44.04701372728681,
        "17": 51.310975223374456,
        "18": 31.319164672851848,
        "19": 85.40333426974152,
        "20": 45.961836524590076,
        "21": 15.424848349913258,
        "22": 19.120265180509975,
        "23": -3.6779112381393517,
        "24": -0.36919071227434586
    },
    "Scenario5": {
        "Probability": 0.10520004057179803,
        "1": 26.670206262676658,
        "2": 16.168643422318112,
        "3": 96.03763551013179,
        "4": 20.79812862291822,
        "5": 45.86372370556831,
        "6": 35.311321305529674,
        "7": 26.54158368693946,
        "8": 49.415730507478614,
        "9": 52.404886533695645,
        "10": 40.98495231809102,
        "11": 3.1831055267764654,
        "12": 8.099865262123636,
        "13": 6.359571312022098,
        "14": 40.020913316754616,
        "15": 14.06334675218148,
        "16": 44.04701372728681,
        "17": 51.310975223374456,
        "18": 86.97952678736516,
        "19": 61.88070655209935,
        "20": 25.48339737580417,
        "21": 15.424848349913258,
        "22": 36.169866835095675,
        "23": 16.49248573748384,
        "24": 60.272133534388196
    },
    "Scenario6": {
        "Probability": 0.03583471834757933,
        "1": 48.11485182600963,
        "2": 38.27249136054031,
        "3": 96.03763551013179,
        "4": 51.566221300751344,
        "5": 45.86372370556831,
        "6": 87.81138111847255,
        "7": 51.13085519809102,
        "8": 49.415730507478614,
        "9": 77.3429703485621,
        "10": 40.98495231809102,
        "11": 3.1831055267764654,
        "12": 31.501291780946048,
        "13": 6.359571312022098,
        "14": 63.21094628963013,
        "15": 39.45849354894172,
        "16": 44.04701372728681,
        "17": 51.310975223374456,
        "18": 31.319164672851848,
        "19": 61.88070655209935,
        "20": 86.91871482216189,
        "21": 15.424848349913258,
        "22": 36.169866835095675,
        "23": 16.49248573748384,
        "24": 40.05835878550069
    },
    "Scenario7": {
        "Probability": 0.09902361685901058,
        "1": 26.670206262676658,
        "2": 38.27249136054031,
        "3": 130.37667349913735,
        "4": 82.33431397858448,
        "5": 71.4850120806901,
        "6": 87.81138111847255,
        "7": 51.13085519809102,
        "8": 22.93718864943697,
        "9": 27.46680271882919,
        "10": 11.856837544627012,
        "11": 3.1831055267764654,
        "12": 8.099865262123636,
        "13": 6.359571312022098,
        "14": 40.020913316754616,
        "15": 39.45849354894172,
        "16": 72.49013336227836,
        "17": -4.863854404772347,
        "18": 86.97952678736516,
        "19": 61.88070655209935,
        "20": 45.961836524590076,
        "21": -2.876273010076382,
        "22": 36.169866835095675,
        "23": -3.6779112381393517,
        "24": 19.84458403661317
    },
    "Scenario8": {
        "Probability": 0.08070949150751673,
        "1": 69.5594973893426,
        "2": 60.37633929876251,
        "3": 130.37667349913735,
        "4": 82.33431397858448,
        "5": 97.10630045581189,
        "6": 61.561351212001114,
        "7": 51.13085519809102,
        "8": 49.415730507478614,
        "9": 27.46680271882919,
        "10": 11.856837544627012,
        "11": 30.588531828079795,
        "12": 8.099865262123636,
        "13": 6.359571312022098,
        "14": 16.8308803438791,
        "15": 39.45849354894172,
        "16": 44.04701372728681,
        "17": 23.22356040930105,
        "18": 31.319164672851848,
        "19": 85.40333426974152,
        "20": 45.961836524590076,
        "21": 33.725969709902905,
        "22": 36.169866835095675,
        "23": 36.66288271310703,
        "24": 19.84458403661317
    },
    "Scenario9": {
        "Probability": 0.09498491267689642,
        "1": 26.670206262676658,
        "2": 16.168643422318112,
        "3": 130.37667349913735,
        "4": 51.566221300751344,
        "5": 122.72758883093367,
        "6": 114.06141102494398,
        "7": 51.13085519809102,
        "8": 49.415730507478614,
        "9": 52.404886533695645,
        "10": 40.98495231809102,
        "11": 30.588531828079795,
        "12": 31.501291780946048,
        "13": 56.300418176057015,
        "14": 63.21094628963013,
        "15": 39.45849354894172,
        "16": 44.04701372728681,
        "17": 23.22356040930105,
        "18": 31.319164672851848,
        "19": 61.88070655209935,
        "20": 45.961836524590076,
        "21": 15.424848349913258,
        "22": 2.0706635259242745,
        "23": -23.848308213762557,
        "24": 19.84458403661317
    },
    "Scenario10": {
        "Probability": 0.16541714917363162,
        "1": 26.670206262676658,
        "2": 82.4801872369847,
        "3": 96.03763551013179,
        "4": 51.566221300751344,
        "5": 71.4850120806901,