{
    "Scenario1": {
        "Probability": 0.2418623085247977,
        "1": 47.316085158528665,
        "2": 15.342366119088688,
        "3": 128.90399837176076,
        "4": 19.875702035536335,
        "5": 70.68836375127425,
        "6": 60.89483394220605,
        "7": 75.11244427008523,
        "8": 22.322366635072974,
        "9": 76.67436452309214,
        "10": 11.252439104039858,
        "11": 30.013131422145626,
        "12": 7.536730580340013,
        "13": 5.765079693539619,
        "14": 62.54423579388769,
        "15": 38.800487585386264,
        "16": 43.50519539657556,
        "17": 79.03933793590109,
        "18": 58.94299659421233,
        "19": 38.12994744484017,
        "20": 25.302769887900876,
        "21": 15.317672731983397,
        "22": 36.095362993612085,
        "23": 36.631603239444345,
        "24": 40.08809430511352
    },
    "Scenario2": {
        "Probability": 0.07995197538112958,
        "1": 47.316085158528665,
        "2": 37.44621405731088,
        "3": 163.24303636076635,
        "4": 81.41188739120258,
        "5": 70.68836375127425,
        "6": 87.14486384867749,
        "7": 25.93390124778211,
        "8": 48.80090849311462,
        "9": 26.798196893359222,
        "10": 40.380553877503864,
        "11": 30.013131422145626,
        "12": 54.33958361798484,
        "13": 30.73550312555708,
        "14": 16.16416984813666,
        "15": 38.800487585386264,
        "16": 43.50519539657556,
        "17": 50.95192312182769,
        "18": 58.94299659421233,
        "19": 85.17520288012449,
        "20": 25.302769887900876,
        "21": 33.618794091973044,
        "22": 36.095362993612085,
        "23": 16.461206263821154,
        "24": 19.874319556226006
    },
    "Scenario3": {
        "Probability": 0.059835692794664365,
        "1": 25.871439595195696,
        "2": 15.342366119088688,
        "3": 94.5649603827552,
        "4": 19.875702035536335,
        "5": 96.30965212639605,
        "6": 87.14486384867749,
        "7": 75.11244427008523,
        "8": 48.80090849311462,
        "9": 26.798196893359222,
        "10": 69.50866865096788,
        "11": -24.79772118046104,
        "12": 7.536730580340013,
        "13": 30.73550312555708,
        "14": 39.35420282101217,
        "15": 38.800487585386264,
        "16": 71.9483150315671,
        "17": 50.95192312182769,
        "18": 31.11281553695568,
        "19": 85.17520288012449,
        "20": 25.302769887900876,
        "21": 15.317672731983397,
        "22": 19.045761339026384,
        "23": -3.7091907118020373,
        "24": 40.08809430511352
    },
    "Scenario4": {
        "Probability": 0.061774261157197925,
        "1": 4.426794031862734,
        "2": 59.550061995533085,
        "3": 94.5649603827552,
        "4": 50.64379471336946,
        "5": 96.30965212639605,
        "6": 34.64480403573461,
        "7": 75.11244427008523,
        "8": 48.80090849311462,
        "9": 51.73628070822568,
        "10": 69.50866865096788,
        "11": 30.013131422145626,
        "12": 30.938157099162424,
        "13": 30.73550312555708,
        "14": 39.35420282101217,
        "15": 38.800487585386264,
        "16": 43.50519539657556,
        "17": 79.03933793590109,
        "18": 58.94299659421233,
        "19": 61.65257516248233,
        "20": 45.78120903668678,
        "21": 15.317672731983397,
        "22": 19.045761339026384,
        "23": -23.879587687425243,
        "24": -20.553229941549013
    },
    "Scenario5": {
        "Probability": 0.07925989359232213,
        "1": 25.871439595195696,
        "2": 59.550061995533085,
        "3": 94.5649603827552,
        "4": 19.875702035536335,
        "5": 70.68836375127425,
        "6": 87.14486384867749,
        "7": 75.11244427008523,
        "8": 48.80090849311462,
        "9": 51.73628070822568,
        "10": 69.50866865096788,
        "11": 30.013131422145626,
        "12": 7.536730580340013,
        "13": 55.705926557574536,
        "14": 39.35420282101217,
        "15": 38.800487585386264,
        "16": 43.50519539657556,
        "17": 22.864508307754285,
        "18": 58.94299659421233,
        "19": 61.65257516248233,
        "20": 25.302769887900876,
        "21": -2.9834486280062436,
        "22": 1.9961596844406841,
        "23": 16.461206263821154,
        "24": 19.874319556226006
    },
    "Scenario6": {
        "Probability": 0.07113913002121826,
        "1": 4.426794031862734,
        "2": 59.550061995533085,
        "3": 128.90399837176076,
        "4": 19.875702035536335,
        "5": 70.68836375127425,
        "6": 60.89483394220605,
        "7": 50.52317275893367,
        "8": 48.80090849311462,
        "9": 76.67436452309214,
        "10": 69.50866865096788,
        "11": 57.41855772344896,
        "12": 7.536730580340013,
        "13": 5.765079693539619,
        "14": 39.35420282101217,
        "15": 38.800487585386264,
        "16": 15.062075761584019,
        "17": 50.95192312182769,
        "18": 58.94299659421233,
        "19": 38.12994744484017,
        "20": 66.25964818547268,
        "21": 15.317672731983397,
        "22": 1.9961596844406841,
        "23": 36.631603239444345,
        "24": 19.874319556226006
    },
    "Scenario7": {
        "Probability": 0.12021680952182671,
        "1": 25.871439595195696,
        "2": 15.342366119088688,
        "3": 128.90399837176076,
        "4": 50.64379471336946,
        "5": 70.68836375127425,
        "6": 60.89483394220605,
        "7": 50.52317275893367,
        "8": 22.322366635072974,
        "9": 51.73628070822568,
        "10": 40.380553877503864,
        "11": 57.41855772344896,
        "12": 77.74101013680726,
        "13": 30.73550312555708,
        "14": 62.54423579388769,
        "15": 38.800487585386264,
        "16": 15.062075761584019,
        "17": 79.03933793590109,
        "18": 114.60335870872564,
        "19": 61.65257516248233,
        "20": 25.302769887900876,
        "21": 15.317672731983397,
        "22": 19.045761339026384,
        "23": -3.7091907118020373,
        "24": 19.874319556226006
    },
    "Scenario8": {
        "Probability": 0.08527287921186018,
        "1": 47.316085158528665,
        "2": 37.44621405731088,
        "3": 128.90399837176076,
        "4": 50.64379471336946,
        "5": 96.30965212639605,
        "6": 60.89483394220605,
        "7": 50.52317275893367,
        "8": 48.80090849311462,
        "9": 51.73628070822568,
        "10": 11.252439104039858,
        "11": 30.013131422145626,
        "12": 54.33958361798484,
        "13": 80.676349989592,
        "14": 62.54423579388769,
        "15": 38.800487585386264,
        "16": 15.062075761584019,
        "17": 79.03933793590109,
        "18": 58.94299659421233,
        "19": 61.65257516248233,
        "20": 66.25964818547268,
        "21": 15.317672731983397,
        "22": 19.045761339026384,
        "23": 16.461206263821154,
        "24": 19.874319556226006
    },
    "Scenario9": {
        "Probability": 0.136488354684752,
        "1": 47.316085158528665,
        "2": 37.44621405731088,
        "3": 163.24303636076635,
        "4": 19.875702035536335,
        "5": 70.68836375127425,
        "6": 87.14486384867749,
        "7": 25.93390124778211,
        "8": 22.322366635072974,
        "9": 51.73628070822568,
        "10": 69.50866865096788,
        "11": 30.013131422145626,
        "12": 30.938157099162424,
        "13": 55.705926557574536,
        "14": 62.54423579388769,
        "15": 38.800487585386264,
        "16": 15.062075761584019,
        "17": 50.95192312182769,
        "18": 58.94299659421233,
        "19": 61.65257516248233,
        "20": 25.302769887900876,
        "21": 15.317672731983397,
        "22": -15.05344197014503,
        "23": 36.631603239444345,
        "24": 19.874319556226006
    },
    "Scenario10": {
        "Probability": 0.0641986951102311,
        "1": 4.426794031862734,
        "2": 37.44621405731088,
        "3": 128.90399837176076,
        "4": 19.875702035536335,
        "5": 45.06707537615247,