{
    "Scenario21": {
        "Probability": 0.1574753769257407,
        "1": 24.450603646356576,
        "2": 13.650280416778529,
        "3": 91.31011551898871,
        "4": 48.454474199439275,
        "5": 68.3745466358979,
        "6": 58.7111425540166,
        "7": 73.07961420122504,
        "8": 46.994503336706764,
        "9": 50.07913464251907,
        "10": 39.02279510709326,
        "11": 28.879549595593666,
        "12": 53.497019572554066,
        "13": 30.019735617712684,
        "14": 15.613344442014153,
        "15": 63.83631291607238,
        "16": 71.64481172922575,
        "17": 50.68113703016716,
        "18": 58.71098943664116,
        "19": 61.48601511585353,
        "20": 25.18365860063245,
        "21": 15.293758070339184,
        "22": 2.0424365917733596,
        "23": 16.560598437211524,
        "24": -0.20916884735166263
    },
    "Scenario49": {
        "Probability": 0.055415307772885544,
        "1": 24.450603646356576,
        "2": 13.650280416778529,
        "3": 56.97107752998314,
        "4": 48.454474199439275,
        "5": 68.3745466358979,
        "6": 32.461112647545164,
        "7": 23.901071178921917,
        "8": 46.994503336706764,
        "9": 50.07913464251907,
        "10": 9.894680333629253,
        "11": 28.879549595593666,
        "12": 6.694166534909236,
        "13": 5.0493121856952214,
        "14": 38.80337741488967,
        "15": 63.83631291607238,
        "16": 43.2016920942342,
        "17": 22.593722216093752,
        "18": 58.71098943664116,
        "19": 37.963387398211374,
        "20": 66.14053689820426,
        "21": 15.293758070339184,
        "22": 53.19124155553047,
        "23": 16.560598437211524,
        "24": 20.004605901535854
    },
    "Scenario268": {
        "Probability": 0.13418218578064534,
        "1": 45.895249209689545,
        "2": 35.754128355000724,
        "3": 194.32722948600545,
        "4": 48.454474199439275,
        "5": 68.3745466358979,
        "6": 58.7111425540166,
        "7": 48.490342690073476,
        "8": 99.95158705279005,
        "9": 50.07913464251907,
        "10": 68.15090988055726,
        "11": 56.284975896897,
        "12": 30.095593053731648,
        "13": 30.019735617712684,
        "14": 38.80337741488967,
        "15": 38.44116611931215,
        "16": 43.2016920942342,
        "17": 78.76855184424056,
        "18": 58.71098943664116,
        "19": 61.48601511585353,
        "20": 25.18365860063245,
        "21": 33.59487943032883,
        "22": 19.09203824635906,
        "23": 16.560598437211524,
        "24": 40.21838065042337
    },
    "Scenario310": {
        "Probability": 0.1157400783652723,
        "1": 3.0059580830236143,
        "2": 57.857976293222926,
        "3": 125.6491535079943,
        "4": 17.68638152160615,
        "5": 68.3745466358979,
        "6": 84.96117246048803,
        "7": 48.490342690073476,
        "8": 73.47304519474841,
        "9": 25.141050827652617,
        "10": 9.894680333629253,
        "11": 28.879549595593666,
        "12": 30.095593053731648,
        "13": 30.019735617712684,
        "14": 15.613344442014153,
        "15": 38.44116611931215,
        "16": 14.758572459242657,
        "17": 78.76855184424056,
        "18": 86.54117049389781,
        "19": 61.48601511585353,
        "20": 66.14053689820426,
        "21": 15.293758070339184,
        "22": 19.09203824635906,
        "23": 16.560598437211524,
        "24": 20.004605901535854
    },
    "Scenario378": {
        "Probability": 0.06909124081577994,
        "1": 3.0059580830236143,
        "2": 57.857976293222926,
        "3": 125.6491535079943,
        "4": 48.454474199439275,
        "5": 42.75325826077611,
        "6": 58.7111425540166,
        "7": 23.901071178921917,
        "8": -5.962580379376526,
        "9": 99.95530227225198,
        "10": 39.02279510709326,
        "11": 28.879549595593666,
        "12": 53.497019572554066,
        "13": 54.99015904973014,
        "14": 61.99341038776518,
        "15": 13.046019322551913,
        "16": 43.2016920942342,
        "17": 78.76855184424056,
        "18": 58.71098943664116,
        "19": 61.48601511585353,
        "20": 45.66209774941836,
        "21": 15.293758070339184,
        "22": 19.09203824635906,
        "23": 16.560598437211524,
        "24": 20.004605901535854
    },
    "Scenario484": {
        "Probability": 0.09183201846543367,
        "1": 45.895249209689545,
        "2": 35.754128355000724,
        "3": 125.6491535079943,
        "4": 48.454474199439275,
        "5": 68.3745466358979,
        "6": 58.7111425540166,
        "7": 23.901071178921917,
        "8": 46.994503336706764,
        "9": 50.07913464251907,
        "10": 9.894680333629253,
        "11": 56.284975896897,
        "12": 30.095593053731648,
        "13": 5.0493121856952214,
        "14": 85.1834433606407,
        "15": 38.44116611931215,
        "16": 43.2016920942342,
        "17": 78.76855184424056,
        "18": 58.71098943664116,
        "19": 85.0086428334957,
        "20": 66.14053689820426,
        "21": 15.293758070339184,
        "22": 19.09203824635906,
        "23": 36.730995412834716,
        "24": -20.422943596239165
    },
    "Scenario488": {
        "Probability": 0.11058006157606222,
        "1": 24.450603646356576,
        "2": 57.857976293222926,
        "3": 159.9881914969999,
        "4": 48.454474199439275,
        "5": 42.75325826077611,
        "6": 58.7111425540166,
        "7": 23.901071178921917,
        "8": 46.994503336706764,
        "9": 50.07913464251907,
        "10": 68.15090988055726,
        "11": 56.284975896897,
        "12": 53.497019572554066,
        "13": 5.0493121856952214,
        "14": 38.80337741488967,
        "15": 38.44116611931215,
        "16": 43.2016920942342,
        "17": 50.68113703016716,
        "18": 58.71098943664116,
        "19": 85.0086428334957,
        "20": 86.61897604699017,
        "21": 15.293758070339184,
        "22": 19.09203824635906,
        "23": 36.730995412834716,
        "24": 20.004605901535854
    },
    "Scenario692": {
        "Probability": 0.06634131687910204,
        "1": 24.450603646356576,
        "2": 35.754128355000724,
        "3": 125.6491535079943,
        "4": 48.454474199439275,
        "5": 68.3745466358979,
        "6": 58.7111425540166,
        "7": 48.490342690073476,
        "8": 20.51596147866512,
        "9": 50.07913464251907,
        "10": 39.02279510709326,
        "11": 28.879549595593666,
        "12": 53.497019572554066,
        "13": 79.9605824817476,
        "14": 38.80337741488967,
        "15": 63.83631291607238,
        "16": 43.2016920942342,
        "17": 78.76855184424056,
        "18": 58.71098943664116,
        "19": 108.53127055113785,
        "20": 66.14053689820426,
        "21": 33.59487943032883,
        "22": 19.09203824635906,
        "23": 16.560598437211524,
        "24": 20.004605901535854
    },
    "Scenario697": {
        "Probability": 0.13008594677229718,
        "1": 24.450603646356576,
        "2": 13.650280416778529,
        "3": 91.31011551898871,
        "4": 79.2225668772724,
        "5": 68.3745466358979,
        "6": 58.7111425540166,
        "7": 48.490342690073476,
        "8": 46.994503336706764,
        "9": 50.07913464251907,
        "10": 9.894680333629253,
        "11": 28.879549595593666,
        "12": 53.497019572554066,
        "13": 5.0493121856952214,
        "14": 38.80337741488967,
        "15": 63.83631291607238,
        "16": 43.2016920942342,
        "17": -5.493692597979646,
        "18": 86.54117049389781,
        "19": 61.48601511585353,
        "20": 45.66209774941836,
        "21": 15.293758070339184,
        "22": 2.0424365917733596,
        "23": 16.560598437211524,
        "24": 20.004605901535854
    },
    "Scenario722": {
        "Probability": 0.06925646664678124,
        "1": 24.450603646356576,
        "2": 13.650280416778529,
        "3": 125.6491535079943,
        "4": 17.68638152160615,
        "5": 42.75325826077611,