Scenario:,ObjectiveValue
Scenario1,4386.092670580927
Scenario2,4386.092670580927
