Scenario:,ObjectiveValue
Scenario1,2754.9977460953705
Scenario2,2754.9977460953705
