Scenario,ObjectiveValue
Scenario1,3577.1317675034024
Scenario2,3577.1317675034347
Scenario3,3577.1317675034347
