{
    "Scenario1": {
        "Probability": 3.417800370859148e-07,
        "1": 95.60319336346564,
        "2": 93.95242719664112,
        "3": 304.4143475319533,
        "4": 58.65556336806773,
        "5": 190.26732701491642,
        "6": 77.70447947018332,
        "7": 186.18384631336485,
        "8": 146.80094425499772,
        "9": 120.22053851681103,
        "10": 151.80670907334346,
        "11": 111.25096374568923,
        "12": 158.8793307984634,
        "13": 55.88811100415187,
        "14": 94.99883401423591,
        "15": 156.00770585575472,
        "16": 125.81984091460234,
        "17": 190.47503943661508,
        "18": 232.29408557071503,
        "19": 162.85261967291171,
        "20": 135.41598450930172,
        "21": 138.09749619558414,
        "22": 54.643711576108316,
        "23": 125.72721612021473,
        "24": 73.04324947358121
    },
    "Scenario2": {
        "Probability": 0.0004895716600698391,
        "1": 52.7139022367997,
        "2": 71.84857925841894,
        "3": 235.73627155394212,
        "4": 89.42365604590086,
        "5": 113.40346188955107,
        "6": 103.95450937665474,
        "7": 186.18384631336485,
        "8": 173.27948611303935,
        "9": 195.0347899614104,
        "10": 93.55047952641544,
        "11": 56.44011114308256,
        "12": 135.47790427964097,
        "13": 130.79938130020423,
        "14": 141.37889995998694,
        "15": 130.6125590589945,
        "16": 154.26296054959386,
        "17": 190.47503943661508,
        "18": 232.29408557071503,
        "19": 139.32999195526955,
        "20": 155.89442365808762,
        "21": 64.89301075562557,
        "22": 105.79251653986543,
        "23": 125.72721612021473,
        "24": 73.04324947358121
    },
    "Scenario3": {
        "Probability": 1.525545035641908e-05,
        "1": 74.15854780013265,
        "2": 93.95242719664112,
        "3": 338.7533855209589,
        "4": 120.19174872373398,
        "5": 113.40346188955107,
        "6": 130.20453928312617,
        "7": 186.18384631336485,
        "8": 199.758027971081,
        "9": 170.09670614654394,
        "10": 122.67859429987945,
        "11": 56.44011114308256,
        "12": 112.07647776081856,
        "13": 105.82895786818679,
        "14": 48.6187680684849,
        "15": 130.6125590589945,
        "16": 182.7060801845854,
        "17": 106.21279499439487,
        "18": 120.9733613416884,
        "19": 162.85261967291171,
        "20": 135.41598450930172,
        "21": 83.1941321156152,
        "22": 122.84211819445113,
        "23": 105.55681914459154,
        "24": 93.25702422246873
    },
    "Scenario4": {
        "Probability": 0.007774336581649394,
        "1": 52.7139022367997,
        "2": 71.84857925841894,
        "3": 235.73627155394212,
        "4": 120.19174872373398,
        "5": 164.64603863979465,
        "6": 156.4545691895976,
        "7": 137.00530329106175,
        "8": 173.27948611303935,
        "9": 95.28245470194457,
        "10": 122.67859429987945,
        "11": 111.25096374568923,
        "12": 65.27362472317373,
        "13": 105.82895786818679,
        "14": 164.56893293286245,
        "15": 156.00770585575472,
        "16": 125.81984091460234,
        "17": 190.47503943661508,
        "18": 204.46390451345837,
        "19": 115.8073642376274,
        "20": 155.89442365808762,
        "21": 83.1941321156152,
        "22": 105.79251653986543,
        "23": 85.38642216896835,
        "24": 113.47079897135625
    },
    "Scenario5": {
        "Probability": 0.0013802474316881403,
        "1": 31.269256673466728,
        "2": 71.84857925841894,
        "3": 270.0753095429477,
        "4": 181.72793407940023,
        "5": 113.40346188955107,
        "6": 182.70459909606905,
        "7": 137.00530329106175,
        "8": 120.32240239695605,
        "9": 120.22053851681103,
        "10": 180.9348238468075,
        "11": 111.25096374568923,
        "12": 88.67505124199614,
        "13": 155.7698047322217,
        "14": 141.37889995998694,
        "15": 105.21741226223426,
        "16": 125.81984091460234,
        "17": 162.38762462254167,
        "18": 148.80354239894507,
        "19": 139.32999195526955,
        "20": 155.89442365808762,
        "21": 83.1941321156152,
        "22": 88.74291488527973,
        "23": 85.38642216896835,
        "24": 73.04324947358121
    },
    "Scenario6": {
        "Probability": 6.120821617579103e-05,
        "1": 74.15854780013265,
        "2": 116.05627513486333,
        "3": 201.39723356493656,
        "4": 58.65556336806773,
        "5": 113.40346188955107,
        "6": 77.70447947018332,
        "7": 186.18384631336485,
        "8": 173.27948611303935,
        "9": 170.09670614654394,
        "10": 64.42236475295142,
        "11": 83.8455374443859,
        "12": 135.47790427964097,
        "13": 130.79938130020423,
        "14": 94.99883401423591,
        "15": 156.00770585575472,
        "16": 154.26296054959386,
        "17": 106.21279499439487,
        "18": 176.63372345620172,
        "19": 139.32999195526955,
        "20": 135.41598450930172,
        "21": 83.1941321156152,
        "22": 139.89171984903686,
        "23": 105.55681914459154,
        "24": 73.04324947358121
    },
    "Scenario7": {
        "Probability": 0.00012178508437138577,
        "1": 52.7139022367997,
        "2": 49.744731320196735,
        "3": 270.0753095429477,
        "4": 212.49602675723335,
        "5": 139.02475026467286,
        "6": 156.4545691895976,
        "7": 137.00530329106175,
        "8": 120.32240239695605,
        "9": 120.22053851681103,
        "10": 93.55047952641544,
        "11": 83.8455374443859,
        "12": 65.27362472317373,
        "13": 180.74022816423917,
        "14": 118.18886698711142,
        "15": 105.21741226223426,
        "16": 125.81984091460234,
        "17": 162.38762462254167,
        "18": 176.63372345620172,
        "19": 162.85261967291171,
        "20": 114.93754536051581,
        "21": 64.89301075562557,
        "22": 71.69331323069403,
        "23": 105.55681914459154,
        "24": 73.04324947358121
    },
    "Scenario8": {
        "Probability": 0.0001725640801242393,
        "1": 52.7139022367997,
        "2": 27.640883381974547,
        "3": 235.73627155394212,
        "4": 150.9598414015671,
        "5": 87.78217351442929,
        "6": 156.4545691895976,
        "7": 161.5945748022133,
        "8": 146.80094425499772,
        "9": 120.22053851681103,
        "10": 180.9348238468075,
        "11": 83.8455374443859,
        "12": 112.07647776081856,
        "13": 105.82895786818679,
        "14": 94.99883401423591,
        "15": 130.6125590589945,
        "16": 97.37672127961079,
        "17": 218.56245425068846,
        "18": 232.29408557071503,
        "19": 162.85261967291171,
        "20": 155.89442365808762,
        "21": 64.89301075562557,
        "22": 88.74291488527973,
        "23": 85.38642216896835,
        "24": 113.47079897135625
    },
    "Scenario9": {
        "Probability": 0.9844814751439472,
        "1": 52.7139022367997,
        "2": 93.95242719664112,
        "3": 235.73627155394212,
        "4": 89.42365604590086,
        "5": 164.64603863979465,
        "6": 103.95450937665474,
        "7": 112.41603177991018,
        "8": 146.80094425499772,
        "9": 145.1586223316775,
        "10": 93.55047952641544,
        "11": 138.65639004699256,
        "12": 88.67505124199614,
        "13": 105.82895786818679,
        "14": 94.99883401423591,
        "15": 105.21741226223426,
        "16": 154.26296054959386,
        "17": 162.38762462254167,
        "18": 176.63372345620172,
        "19": 139.32999195526955,
        "20": 114.93754536051581,
        "21": 83.1941321156152,
        "22": 71.69331323069403,
        "23": 85.38642216896835,
        "24": 113.47079897135625
    },
    "Scenario10": {
        "Probability": 0.00550321457158042,
        "1": 95.60319336346564,
        "2": 116.05627513486333,
        "3": 167.05819557593097,
        "4": 120.19174872373398,