{
    "heat_demand": {
        "1": 122.48078434182658,
        "2": 155.1391470560527,
        "3": 342.36625020329006,
        "4": 209.6408590119198,
        "5": 250.3647456514684,
        "6": 221.4063136504719,
        "7": 208.45697582357013,
        "8": 198.56786038742118,
        "9": 177.90012012967276,
        "10": 166.54100498300292,
        "11": 144.88194890955245,
        "12": 130.13156026274194,
        "13": 139.03248474709815,
        "14": 153.717380143466,
        "15": 182.21320124729124,
        "16": 194.6365967979196,
        "17": 208.80933577987375,
        "18": 214.89373102146538,
        "19": 199.36987607469348,
        "20": 171.58421131950792,
        "21": 118.86161758201236,
        "22": 99.0649291185012,
        "23": 112.2539706376602,
        "24": 118.65477131404633
    }
}