{
    "heat_demand": {
        "1": 114.12528039089847,
        "2": 131.6764564804357,
        "3": 321.9598657085602,
        "4": 183.5948591396576,
        "5": 179.25170719632766,
        "6": 177.836352553812,
        "7": 189.44919738535702,
        "8": 176.61627169256005,
        "9": 179.3592108113534,
        "10": 158.12045651616222,
        "11": 139.7998291600472,
        "12": 133.4161349870855,
        "13": 121.55663298106916,
        "14": 117.73879220437135,
        "15": 127.46238815148392,
        "16": 164.26542652063998,
        "17": 167.21353045713306,
        "18": 176.79798727039324,
        "19": 146.9597789835313,
        "20": 129.36070932888646,
        "21": 71.6671740255822,
        "22": 78.37839689673115,
        "23": 70.20693138301849,
        "24": 72.87833620073005
    }
}