{
    "heat_demand": {
        "1": 26.883966060163537,
        "2": 35.155913469677785,
        "3": 140.24055047881893,
        "4": 47.08085033895948,
        "5": 79.4359479078522,
        "6": 75.1655119707423,
        "7": 45.09686595127432,
        "8": 45.28010616340661,
        "9": 61.19078040006869,
        "10": 33.78911538884386,
        "11": 27.458995405415795,
        "12": 40.714643690103614,
        "13": 20.591731521872987,
        "14": 49.18270325591804,
        "15": 44.37346041011902,
        "16": 47.2400045129622,
        "17": 44.66995927611607,
        "18": 57.34742435670498,
        "19": 64.74657137284136,
        "20": 51.35569198301738,
        "21": 12.830806165670392,
        "22": 14.990594269691515,
        "23": 21.69645510834552,
        "24": 13.256087651799369
    }
}