{
    "heat_demand": {
        "1": 36.24386421572822,
        "2": 26.692999494298064,
        "3": 141.6197794804473,
        "4": 65.15020205996362,
        "5": 77.96398077436749,
        "6": 67.7567557861825,
        "7": 38.02592863912713,
        "8": 54.84084535348535,
        "9": 43.439398807762494,
        "10": 54.8755544362121,
        "11": 32.44800792112758,
        "12": 15.916989445516831,
        "13": 28.827556957494835,
        "14": 39.46224681947092,
        "15": 45.821287828923325,
        "16": 57.83019280455906,
        "17": 40.40491738142699,
        "18": 36.428411006364115,
        "19": 83.03192944340083,
        "20": 45.062662760310836,
        "21": 19.738114307770783,
        "22": 14.938687483990673,
        "23": 35.09557245675588,
        "24": 19.591071413958748
    }
}