{
    "heat_demand": {
        "1": 28.84182781393096,
        "2": 48.28014388008076,
        "3": 143.4750559584764,
        "4": 60.22785268383299,
        "5": 89.95438525755331,
        "6": 83.71178938320728,
        "7": 65.22277313056922,
        "8": 63.06634183505536,
        "9": 67.83770826286676,
        "10": 56.455726398063796,
        "11": 42.57109014030252,
        "12": 52.637806581891525,
        "13": 49.095990067304626,
        "14": 50.84864996288006,
        "15": 62.3117893488103,
        "16": 59.75580086767933,
        "17": 66.03706704148652,
        "18": 81.25031877061585,
        "19": 89.02868157563185,
        "20": 56.76305671172636,
        "21": 23.952299733486736,
        "22": 20.555368714137998,
        "23": 15.931717770143223,
        "24": 28.10859880340603
    }
}