{
    "heat_demand": {
        "1": 81.18380170040837,
        "2": 108.07317350351605,
        "3": 272.4709559252108,
        "4": 150.26740087944106,
        "5": 172.16154617965384,
        "6": 157.623599555831,
        "7": 141.51930800436153,
        "8": 134.9538147588127,
        "9": 127.45627753831582,
        "10": 101.04053986174296,
        "11": 99.92983806643963,
        "12": 93.79489626341369,
        "13": 87.26317696275466,
        "14": 87.91546926680732,
        "15": 102.11151289863625,
        "16": 109.05118060066864,
        "17": 126.2942927900817,
        "18": 126.20445806650527,
        "19": 131.07897389549663,
        "20": 87.28113115733781,
        "21": 58.07167137674806,
        "22": 62.77606738401387,
        "23": 57.33445682965264,
        "24": 59.70578674905006
    }
}