{
    "heat_demand": {
        "1": 122.3382807664438,
        "2": 134.50427182997964,
        "3": 197.23900918761478,
        "4": 331.596285967401,
        "5": 231.9665598042581,
        "6": 240.64543802658363,
        "7": 240.27470679226738,
        "8": 228.9163686830846,
        "9": 211.83444971022453,
        "10": 205.30910455441477,
        "11": 170.13445877357347,
        "12": 161.36037170130032,
        "13": 149.45235697954678,
        "14": 159.8071562135974,
        "15": 156.1875219562998,
        "16": 188.00914199327514,
        "17": 215.37799804885884,
        "18": 203.5072046699679,
        "19": 228.9955180596648,
        "20": 197.92093648379475,
        "21": 168.07364147137247,
        "22": 109.22095758677958,
        "23": 105.53596103696385,
        "24": 109.38997249219446
    }
}