{
    "heat_demand": {
        "1": 57.79419155539391,
        "2": 86.01219597535788,
        "3": 236.79674171869766,
        "4": 125.21251221811043,
        "5": 136.1392517333023,
        "6": 127.63325301100906,
        "7": 118.33738849540102,
        "8": 110.14677412510503,
        "9": 113.82029040728634,
        "10": 113.67259800277733,
        "11": 79.65969813710981,
        "12": 79.34903712296479,
        "13": 79.02055963267027,
        "14": 86.67330345761496,
        "15": 94.55564578227467,
        "16": 106.88933409338684,
        "17": 106.94822588256802,
        "18": 130.20605137516827,
        "19": 113.4398570249968,
        "20": 91.90534664989033,
        "21": 40.97331259059433,
        "22": 57.35479512562311,
        "23": 42.333747239347744,
        "24": 48.84154112502103
    }
}