{
    "heat_demand": {
        "1": 5.559557195027181,
        "2": 49.34710631653783,
        "3": 95.48301447282147,
        "4": 56.749591780486476,
        "5": 49.50375031353054,
        "6": 23.800422893263466,
        "7": 50.545475024211406,
        "8": 48.99565872712138,
        "9": 69.68266580715647,
        "10": 49.466786098443336,
        "11": 44.2786831072234,
        "12": 22.480622706817734,
        "13": 4.363685219917748,
        "14": 53.10252780655519,
        "15": 65.93673852464127,
        "16": 30.730173247128615,
        "17": 27.19614092916644,
        "18": 78.92180463369827,
        "19": 56.264775590459465,
        "20": 19.839942780349546,
        "21": 15.213526720257892,
        "22": 23.752315785915645,
        "23": 17.838477111533994,
        "24": 19.405105995306062
    }
}