{
    "heat_demand": {
        "1": 24.09757831912774,
        "2": 36.01130957142121,
        "3": 133.82474044365426,
        "4": 57.532691240818735,
        "5": 72.6601725608049,
        "6": 55.96804485526268,
        "7": 40.8089391309795,
        "8": 46.80567060401408,
        "9": 46.65307547657226,
        "10": 24.910112447791686,
        "11": 28.205391703257195,
        "12": 29.973596797451226,
        "13": 14.860585922608617,
        "14": 30.58306415296366,
        "15": 33.54248073652259,
        "16": 54.39735888535178,
        "17": 46.83690186564656,
        "18": 61.61144702572061,
        "19": 46.536659670078386,
        "20": 36.9841137938418,
        "21": 16.589685560497625,
        "22": 18.940263734706345,
        "23": 13.092038663699684,
        "24": 24.556849974349415
    }
}