{
    "heat_demand": {
        "1": 29.804549673458325,
        "2": 38.54974080888442,
        "3": 117.37095632209632,
        "4": 43.14588494952041,
        "5": 74.80667268598555,
        "6": 72.58926244666576,
        "7": 49.183430287584926,
        "8": 40.08372486920703,
        "9": 48.81633642257878,
        "10": 28.583678739257635,
        "11": 19.961250356072068,
        "12": 35.00976810879882,
        "13": 36.63393637036007,
        "14": 32.24480168680187,
        "15": 35.69600969696377,
        "16": 46.863554308297225,
        "17": 40.86034673395695,
        "18": 55.378486647683076,
        "19": 61.50626526672024,
        "20": 52.83997074573068,
        "21": 18.116998641303653,
        "22": 25.516786052095362,
        "23": 11.26072989953046,
        "24": 17.459396086294046
    }
}