{
    "heat_demand": {
        "1": 109.68117816544549,
        "2": 129.86825724702888,
        "3": 318.07566775489676,
        "4": 174.75428447230234,
        "5": 205.48509472145685,
        "6": 200.01192437394437,
        "7": 174.08732838732152,
        "8": 175.04660221792926,
        "9": 173.61727522948271,
        "10": 146.72893138567724,
        "11": 143.4079888951554,
        "12": 131.73124063452286,
        "13": 140.87812891631228,
        "14": 165.7157646701208,
        "15": 166.3266404211837,
        "16": 185.16398266760746,
        "17": 193.23589807920948,
        "18": 215.9391402463199,
        "19": 200.40740069297541,
        "20": 163.47734055112448,
        "21": 93.16989843585544,
        "22": 122.65342138256972,
        "23": 114.64922824158756,
        "24": 125.34195034881776
    }
}