{
    "heat_demand": {
        "1": 49.971223730195504,
        "2": 55.57443231372333,
        "3": 154.1866567503153,
        "4": 63.37812374075113,
        "5": 86.84261577560157,
        "6": 56.87454632361076,
        "7": 73.68041726119455,
        "8": 75.31451242011522,
        "9": 74.38520173265331,
        "10": 58.967792067946164,
        "11": 46.110300738393015,
        "12": 48.711231009418704,
        "13": 55.77822158896232,
        "14": 48.0552175613957,
        "15": 51.169072602850186,
        "16": 66.53050654712287,
        "17": 71.50181691674999,
        "18": 63.64675211975672,
        "19": 80.35168318919827,
        "20": 50.425466765982684,
        "21": 19.746006310472502,
        "22": 25.42587367726144,
        "23": 22.764573246077788,
        "24": 31.480851713033715
    }
}