{
    "heat_demand": {
        "1": 141.65794546849713,
        "2": 146.05809396615078,
        "3": 234.2658713048652,
        "4": 377.81893254322233,
        "5": 277.24856876614945,
        "6": 282.5553396973427,
        "7": 254.46961668038313,
        "8": 256.77642666862545,
        "9": 244.07998389809563,
        "10": 204.97773707045263,
        "11": 203.19881629705037,
        "12": 211.80511618201973,
        "13": 182.2391797819519,
        "14": 200.36626143542992,
        "15": 205.47161595735693,
        "16": 207.47630183071095,
        "17": 238.99288286305773,
        "18": 252.98766427950505,
        "19": 240.99861676756862,
        "20": 229.09733899058972,
        "21": 188.76634869136618,
        "22": 140.38988404171562,
        "23": 136.88624519277906,
        "24": 146.7902194248352
    }
}