{
    "heat_demand": {
        "1": 25.33375601985156,
        "2": 33.17191887858028,
        "3": 124.98134485701331,
        "4": 46.7649798238032,
        "5": 61.996696480783626,
        "6": 58.476685265473236,
        "7": 44.323856568181085,
        "8": 53.583347383163954,
        "9": 52.36592874613972,
        "10": 34.7027722470434,
        "11": 40.0020619336007,
        "12": 41.28518721961352,
        "13": 23.6423911862131,
        "14": 41.54102471325237,
        "15": 47.08127330132273,
        "16": 44.388774184191696,
        "17": 55.2200531242488,
        "18": 63.62495221863967,
        "19": 69.69390374608511,
        "20": 52.38082274407803,
        "21": 18.96356302804543,
        "22": 16.078850072230072,
        "23": 19.246400018915526,
        "24": 15.82121911055421
    }
}