{
    "heat_demand": {
        "1": 30.715569443203844,
        "2": 49.297894264508784,
        "3": 128.7962695319146,
        "4": 53.72850306097244,
        "5": 65.8727215130731,
        "6": 57.595892555431604,
        "7": 53.9344180387969,
        "8": 63.98207494370411,
        "9": 54.62101561338427,
        "10": 50.05395477574384,
        "11": 43.17994416616044,
        "12": 31.673717832287746,
        "13": 33.29149437504941,
        "14": 31.785352120810625,
        "15": 40.16906717842142,
        "16": 46.847235799055845,
        "17": 44.061204818107896,
        "18": 65.10496898803534,
        "19": 49.40113275384447,
        "20": 40.26623681469551,
        "21": 16.72334368965454,
        "22": 18.49348282011478,
        "23": 11.48736734400703,
        "24": 16.90723848548289
    }
}