{
    "heat_demand": {
        "1": 193.00000462,
        "2": 187.94583622,
        "3": 196.70000227,
        "4": 306.22084078,
        "5": 273.20000348,
        "6": 314.71250626,
        "7": 284.15417083,
        "8": 314.72083694,
        "9": 279.27500278,
        "10": 250.9875057,
        "11": 240.2083381,
        "12": 212.5041701,
        "13": 212.69583742,
        "14": 190.52083488,
        "15": 244.82500466,
        "16": 239.96250454,
        "17": 254.54583788,
        "18": 279.78333934,
        "19": 258.76250406,
        "20": 187.47083664,
        "21": 197.53333659,
        "22": 151.02917059,
        "23": 185.41667012,
        "24": 171.91250301000002
    }
}