{
    "heat_demand": {
        "1": 38.60309761638592,
        "2": 46.163915997180695,
        "3": 90.27590691534829,
        "4": 61.86315024214471,
        "5": 66.02640025718766,
        "6": 64.04517879355971,
        "7": 62.188697375537984,
        "8": 57.7660936975,
        "9": 55.99101083967842,
        "10": 50.22995456080667,
        "11": 46.9503010776797,
        "12": 42.74683675585427,
        "13": 45.15265311342145,
        "14": 50.39094262394995,
        "15": 53.03572656804096,
        "16": 55.80877063482933,
        "17": 58.22370314127439,
        "18": 63.291447011518855,
        "19": 58.52910941859148,
        "20": 51.53707796558231,
        "21": 35.499240108725246,
        "22": 38.35922005105117,
        "23": 37.56230812843012,
        "24": 38.51316995765527,
        "25": 41.34985305997064,
        "26": 48.86491561077312,
        "27": 92.50205579420188,
        "28": 67.08776450530954,
        "29": 72.92413022658404,
        "30": 67.56526808629015,
        "31": 62.80210939887521,
        "32": 57.90897962569103,
        "33": 52.89673491792548,
        "34": 49.09681917333155,
        "35": 48.10085237391015,
        "36": 42.8556013709487,
        "37": 47.16324470882346,
        "38": 50.67368076460831,
        "39": 57.73525222604637,
        "40": 63.750497966571615,
        "41": 61.952824291266936,
        "42": 67.9539618164659,
        "43": 60.3488010128145,
        "44": 54.11199016763432,
        "45": 40.757229370864735,
        "46": 40.233462018290375,
        "47": 41.45830149019525,
        "48": 41.89310375182436,
        "49": 45.01286698746856,
        "50": 51.97460537287703,
        "51": 108.00518732864252,
        "52": 70.33615802756474,
        "53": 80.4029902757333,
        "54": 75.35440126209821,
        "55": 74.81907089721963,
        "56": 66.6059008812799,
        "57": 61.9418523514156,
        "58": 56.914501063945714,
        "59": 55.12373598806104,
        "60": 50.73454600718489,
        "61": 52.07171220186928,
        "62": 53.70345829757626,
        "63": 62.64208355110337,
        "64": 69.67410930559453,
        "65": 68.69758106099813,
        "66": 72.3680479339162,
        "67": 63.6955941682366,
        "68": 59.36623168212428,
        "69": 42.48522666487748,
        "70": 42.2366001460343,
        "71": 42.61290243989036,
        "72": 43.39810965904865,
        "73": 44.65369041223728,
        "74": 53.90788723485687,
        "75": 106.80116850669562,
        "76": 71.24441125637908,
        "77": 78.61314740905252,
        "78": 75.58671287253661,
        "79": 73.14804094323817,
        "80": 64.71532159247127,
        "81": 61.80628531192844,
        "82": 54.17122804531749,
        "83": 50.80928069199984,
        "84": 48.91816706028297,
        "85": 47.18992331398022,
        "86": 51.70168810759642,
        "87": 55.81712833784146,
        "88": 66.70557833659846,
        "89": 61.85682448970058,
        "90": 68.55226773988734,
        "91": 61.1185727060538,
        "92": 55.658268429570015,
        "93": 37.44689832584443,
        "94": 39.08730387658576,
        "95": 37.33925510757373,
        "96": 38.52475998025288,
        "97": 40.760551566315975,
        "98": 49.49634403621155,
        "99": 99.7215842703141,
        "100": 67.29367056990732,
        "101": 71.0598933766867,
        "102": 67.1818541875191,
        "103": 67.74787497483175,
        "104": 60.14567578226455,
        "105": 58.30151329519163,
        "106": 56.25523765044221,
        "107": 52.26132884229823,
        "108": 47.98648816505693,
        "109": 51.4263885007142,
        "110": 56.36842448155701,
        "111": 59.84506851634418,
        "112": 63.45849291470443,
        "113": 62.53792975982139,
        "114": 62.913336850726765,
        "115": 59.170124454674834,
        "116": 53.4857910371168,
        "117": 39.69481741843208,
        "118": 41.029929830584656,
        "119": 41.60528654988576,
        "120": 46.11369947569062,
        "121": 45.82098806682074,
        "122": 51.61233692769747,
        "123": 97.02957994803874,
        "124": 66.10288806429713,
        "125": 69.64484272038193,
        "126": 72.98141167458994,
        "127": 73.77492951003478,
        "128": 69.64743909831631,
        "129": 66.08262226783374,
        "130": 60.35940003065465,
        "131": 55.382938768627696,
        "132": 51.84950447146084,
        "133": 51.94264866206871,
        "134": 55.59738738509885,
        "135": 54.40241883947275,
        "136": 61.72584903522858,
        "137": 62.27569388365036,
        "138": 63.87121918313752,
        "139": 57.58860643151208,
        "140": 56.13147995077121,
        "141": 41.80170203834435,
        "142": 40.0785771851352,
        "143": 43.90057353233491,
        "144": 45.660807463550334,
        "145": 46.51040812533967,
        "146": 54.15487624900767,
        "147": 102.0429701327945,
        "148": 66.6469582268792,
        "149": 66.80544961767998,
        "150": 64.93886774366513,
        "151": 70.84910544618099,
        "152": 72.50093195634751,
        "153": 67.91149261116506,
        "154": 58.91250899280819,
        "155": 55.745699826896896,
        "156": 52.87907727351824,
        "157": 50.28315576832254,
        "158": 53.164014361392105,
        "159": 58.678455147198825,
        "160": 66.70695525406137,
        "161": 67.0859808011681,
        "162": 70.68082308276645,
        "163": 61.58744375461824,
        "164": 53.78423053183008,
        "165": 38.931914816708165,
        "166": 40.32430774923214,
        "167": 39.418925075732176,
        "168": 41.08079578877645
    }
}