{
    "heat_demand": {
        "1": 86.89020582132288,
        "2": 102.67012913651094,
        "3": 197.10818009752964,
        "4": 131.41110425250923,
        "5": 134.36278677058627,
        "6": 133.35488413447985,
        "7": 148.67082790766605,
        "8": 155.76612945938308,
        "9": 149.41335246313022,
        "10": 132.52799498318225,
        "11": 128.1881334012233,
        "12": 123.8851574175104,
        "13": 120.24610785605115,
        "14": 129.2256067900492,
        "15": 144.84779804164918,
        "16": 166.56653578784764,
        "17": 169.65940464198837,
        "18": 180.98217387350823,
        "19": 159.72915392902087,
        "20": 141.17185343819725,
        "21": 103.37569949235706,
        "22": 108.05637359730451,
        "23": 106.48752403357732,
        "24": 111.895874623898,
        "25": 115.09819676627974,
        "26": 138.89032490302077,
        "27": 275.27240084627414,
        "28": 191.26946732977447,
        "29": 207.0948218381289,
        "30": 203.75333223740265,
        "31": 200.25838105081868,
        "32": 187.7182568280963,
        "33": 183.58081785643543,
        "34": 165.74976194181525,
        "35": 156.17539692772655,
        "36": 143.39407184391985,
        "37": 152.3632839129067,
        "38": 171.43752139826995,
        "39": 181.6685708471841,
        "40": 192.2493057375141,
        "41": 201.55554924504665,
        "42": 220.12988905717745,
        "43": 204.50569959315465,
        "44": 180.92105540356175,
        "45": 125.15665202435152,
        "46": 135.77948086702483,
        "47": 133.4129575025146,
        "48": 137.0743063770169,
        "49": 147.35999364350903,
        "50": 173.78970918508213,
        "51": 328.8315590008084,
        "52": 238.27762515937297,
        "53": 258.9884163449429,
        "54": 240.0034849155145,
        "55": 223.040045542869,
        "56": 205.66486337486407,
        "57": 187.4179926262392,
        "58": 173.5329372565773,
        "59": 169.1409654685674,
        "60": 149.5676517351017,
        "61": 163.87199808156936,
        "62": 174.85313492450513,
        "63": 198.2633899950133,
        "64": 217.96151223796272,
        "65": 211.12651774361484,
        "66": 230.63656492495767,
        "67": 203.49501380793967,
        "68": 181.8141092052276,
        "69": 136.2459316031126,
        "70": 133.81625083035152,
        "71": 137.27798456182467,
        "72": 138.2983805170435,
        "73": 148.3617101533168,
        "74": 170.36782659452328,
        "75": 352.69602098128684,
        "76": 228.7015990477233,
        "77": 260.0316294710045,
        "78": 242.67049138937227,
        "79": 240.04969799194456,
        "80": 212.91208966567345,
        "81": 196.740552408284,
        "82": 179.66068565247124,
        "83": 172.81612646917685,
        "84": 158.7952314455389,
        "85": 161.7120950607684,
        "86": 166.38879979879667,
        "87": 193.2629665305793,
        "88": 215.12308495641253,
        "89": 212.165685271889,
        "90": 223.45126273725725,
        "91": 197.1504357627669,
        "92": 184.15772872216624,
        "93": 132.30749176685,
        "94": 132.19868091410842,
        "95": 133.70295728884128,
        "96": 136.2417707563061,
        "97": 140.10937520120842,
        "98": 168.61106153547652,
        "99": 333.99071633907295,
        "100": 223.22651155012537,
        "101": 246.4989028338492,
        "102": 237.59336031956684,
        "103": 229.889980226096,
        "104": 203.00065386555616,
        "105": 193.77169430198745,
        "106": 169.7921015974718,
        "107": 159.09446491019193,
        "108": 152.7767094458178,
        "109": 147.16313135830603,
        "110": 160.6890651517088,
        "111": 172.66422009371806,
        "112": 205.09276168479792,
        "113": 188.83886521595892,
        "114": 208.3484664594145,
        "115": 186.2245097127692,
        "116": 170.41351526794935,
        "117": 115.01297519314136,
        "118": 119.94507610618544,
        "119": 114.67004281770464,
        "120": 118.62636842137054,
        "121": 125.90202133602084,
        "122": 153.38191397915065,
        "123": 310.72342453830765,
        "124": 210.8346323809514,
        "125": 223.5142992299781,
        "126": 211.5175187447821,
        "127": 213.77103447494176,
        "128": 190.05986536289385,
        "129": 184.29535728574243,
        "130": 177.35992631814983,
        "131": 164.07700571843966,
        "132": 149.95470252689177,
        "133": 159.81123102578377,
        "134": 174.0546250690129,
        "135": 183.4159564059377,
        "136": 192.96720194234504,
        "137": 188.8225578255997,
        "138": 188.81847014081836,
        "139": 176.00040419588365,
        "140": 157.42355532615375,
        "141": 115.81180840633168,
        "142": 118.90754774623096,
        "143": 119.64734010610076,
        "144": 131.37754882047605,
        "145": 129.2119785322804,
        "146": 143.7163325780682,
        "147": 267.1813091665211,
        "148": 179.6392510557079,
        "149": 186.7273572185352,
        "150": 192.90554260965817,
        "151": 192.873152557551,
        "152": 181.01713587395628,
        "153": 171.56903632070592,
        "154": 157.15205285769594,
        "155": 145.15088500028253,
        "156": 136.785066019523,
        "157": 137.90354479307592,
        "158": 148.42170767463207,
        "159": 146.0078367886107,
        "160": 166.81830749935168,
        "161": 168.6198459512253,
        "162": 173.712100253481,
        "163": 156.9821999463767,
        "164": 152.51170996245418,
        "165": 113.04861630617316,
        "166": 107.94524035049616,
        "167": 117.85327446200984,
        "168": 122.6103723350241
    }
}