{
    "heat_demand": {
        "1": 88.13061207321796,
        "2": 106.3100249930061,
        "3": 210.6748063564434,
        "4": 146.48074158117606,
        "5": 158.7089092436237,
        "6": 156.81798849107926,
        "7": 155.5721773995898,
        "8": 147.4562304387438,
        "9": 145.68736008059668,
        "10": 133.10499153939045,
        "11": 126.99603698103137,
        "12": 118.12931021970827,
        "13": 127.11248915420391,
        "14": 143.92225309423955,
        "15": 153.96949988320094,
        "16": 163.93908361154536,
        "17": 172.6373879152593,
        "18": 189.7709359695811,
        "19": 178.15899549410722,
        "20": 159.28416533270453,
        "21": 111.5328007805781,
        "22": 122.3487884171389,
        "23": 121.44172552592136,
        "24": 125.78405753160912,
        "25": 136.30073130880112,
        "26": 161.79318458245825,
        "27": 307.945532128739,
        "28": 224.33809213545905,
        "29": 244.92845964051588,
        "30": 227.51863997635897,
        "31": 211.82160716046496,
        "32": 195.49702180559063,
        "33": 178.67897818859018,
        "34": 165.75179782570095,
        "35": 162.13029755988526,
        "36": 143.49828864570688,
        "37": 157.27609530737038,
        "38": 168.5615827139588,
        "39": 191.0740243862453,
        "40": 209.9782588863518,
        "41": 203.1153153118056,
        "42": 221.8500904881562,
        "43": 195.40575876553453,
        "44": 174.19685671830308,
        "45": 130.24971892765575,
        "46": 127.61617203724172,
        "47": 130.5747347277373,
        "48": 131.10708315330484,
        "49": 140.1480066658329,
        "50": 160.71290325035235,
        "51": 332.6812176458411,
        "52": 215.5314908646621,
        "53": 244.69765472550557,
        "54": 227.71935900033648,
        "55": 224.4432990364124,
        "56": 198.58276752855443,
        "57": 183.36446681294169,
        "58": 167.37748595977186,
        "59": 160.93370608052308,
        "60": 147.56410528945275,
        "61": 149.93713971900493,
        "62": 153.10509692310882,
        "63": 176.05095758552378,
        "64": 193.6464730047809,
        "65": 188.9600827968776,
        "66": 197.25429764460856,
        "67": 172.12549540239544,
        "68": 158.46999716488727,
        "69": 111.89990628579528,
        "70": 109.72485750349446,
        "71": 108.90660099078607,
        "72": 109.17544520199633,
        "73": 110.2910467007094,
        "74": 130.4486523936603,
        "75": 253.28816401438664,
        "76": 165.82631078394223,
        "77": 179.0382764686991,
        "78": 168.50833789730706,
        "79": 159.76463940823692,
        "80": 137.86316145613668,
        "81": 128.2122606084446,
        "82": 109.95704053293868,
        "83": 101.07744303686842,
        "84": 95.5966109525952,
        "85": 90.3257063571908,
        "86": 96.74650847346804,
        "87": 102.66508087167556,
        "88": 123.32553188253804,
        "89": 114.42528416154738,
        "90": 125.91524690401964,
        "91": 111.25007058230038,
        "92": 100.6521407963136,
        "93": 67.39891483152041,
        "94": 69.84053871351391,
        "95": 66.44883294119172,
        "96": 68.1672830937166,
        "97": 71.7939096412927,
        "98": 86.67575774332819,
        "99": 174.39093279713595,
        "100": 117.44465066347948,
        "101": 124.09501837997227,
        "102": 116.96088794574258,
        "103": 117.43053585606424,
        "104": 104.21979680999824,
        "105": 101.23678011650172,
        "106": 97.69695800743143,
        "107": 90.9034410112922,
        "108": 84.0176509163542,
        "109": 90.94877020855232,
        "110": 100.6601687548224,
        "111": 107.3334469743905,
        "112": 112.77693330004227,
        "113": 110.39162881846248,
        "114": 110.65087332586424,
        "115": 103.90077645845513,
        "116": 93.59897834804954,
        "117": 69.14730637746624,
        "118": 71.3043020868362,
        "119": 72.13511824618648,
        "120": 79.8576553669177,
        "121": 79.2564358901419,
        "122": 88.85038433176571,
        "123": 166.6246942237459,
        "124": 113.13717682218991,
        "125": 118.93952106823625,
        "126": 124.61483432740133,
        "127": 125.94158140239796,
        "128": 118.98819379708306,
        "129": 113.10263714480364,
        "130": 103.57439179810852,
        "131": 95.20170270191402,
        "132": 89.23726652299644,
        "133": 89.43899676515207,
        "134": 96.07101462886725,
        "135": 94.8265700947584,
        "136": 108.25363791246411,
        "137": 109.835249951598,
        "138": 113.1214575800624,
        "139": 102.26629527583285,
        "140": 99.65212286286902,
        "141": 74.50248364661357,
        "142": 71.97305714864397,
        "143": 79.70439801354908,
        "144": 84.0630256634605,
        "145": 86.89020582132288,
        "146": 102.67012913651094,
        "147": 197.10818009752964,
        "148": 131.41110425250923,
        "149": 134.36278677058627,
        "150": 133.35488413447985,
        "151": 148.67082790766605,
        "152": 155.76612945938308,
        "153": 149.41335246313022,
        "154": 132.52799498318225,
        "155": 128.1881334012233,
        "156": 123.8851574175104,
        "157": 120.24610785605115,
        "158": 129.2256067900492,
        "159": 144.84779804164918,
        "160": 166.56653578784764,
        "161": 169.65940464198837,
        "162": 180.98217387350823,
        "163": 159.72915392902087,
        "164": 141.17185343819725,
        "165": 103.37569949235706,
        "166": 108.05637359730451,
        "167": 106.48752403357732,
        "168": 111.895874623898
    }
}