{
    "Scenario1": {
        "Probability": 0.9505464601369504,
        "1": 95.60319336346564,
        "2": 93.95242719664112,
        "3": 235.73627155394212,
        "4": 120.19174872373398,
        "5": 139.02475026467286,
        "6": 156.4545691895976,
        "7": 112.41603177991018,
        "8": 120.32240239695605,
        "9": 170.09670614654394,
        "10": 93.55047952641544,
        "11": 83.8455374443859,
        "12": 135.47790427964097,
        "13": 130.79938130020423,
        "14": 141.37889995998694,
        "15": 130.6125590589945,
        "16": 182.7060801845854,
        "17": 162.38762462254167,
        "18": 176.63372345620172,
        "19": 139.32999195526955,
        "20": 155.89442365808762,
        "21": 101.49525347560485,
        "22": 54.643711576108316,
        "23": 65.21602519334516,
        "24": 73.04324947358121
    },
    "Scenario2": {
        "Probability": 0.0018596261135372188,
        "1": 52.7139022367997,
        "2": 93.95242719664112,
        "3": 270.0753095429477,
        "4": 212.49602675723335,
        "5": 113.40346188955107,
        "6": 130.20453928312617,
        "7": 137.00530329106175,
        "8": 146.80094425499772,
        "9": 120.22053851681103,
        "10": 151.80670907334346,
        "11": 83.8455374443859,
        "12": 88.67505124199614,
        "13": 130.79938130020423,
        "14": 118.18886698711142,
        "15": 130.6125590589945,
        "16": 182.7060801845854,
        "17": 162.38762462254167,
        "18": 204.46390451345837,
        "19": 162.85261967291171,
        "20": 196.85130195565944,
        "21": 83.1941321156152,
        "22": 71.69331323069403,
        "23": 85.38642216896835,
        "24": 153.89834846913126
    },
    "Scenario3": {
        "Probability": 0.0018672693600639012,
        "1": 74.15854780013265,
        "2": 116.05627513486333,
        "3": 304.4143475319533,
        "4": 150.9598414015671,
        "5": 139.02475026467286,
        "6": 130.20453928312617,
        "7": 112.41603177991018,
        "8": 173.27948611303935,
        "9": 145.1586223316775,
        "10": 151.80670907334346,
        "11": 138.65639004699256,
        "12": 112.07647776081856,
        "13": 130.79938130020423,
        "14": 187.75896590573797,
        "15": 156.00770585575472,
        "16": 154.26296054959386,
        "17": 134.30020980846825,
        "18": 232.29408557071503,
        "19": 139.32999195526955,
        "20": 135.41598450930172,
        "21": 83.1941321156152,
        "22": 37.594109921522616,
        "23": 105.55681914459154,
        "24": 113.47079897135625
    },
    "Scenario4": {
        "Probability": 0.0026487148015188937,
        "1": 117.04783892679859,
        "2": 71.84857925841894,
        "3": 270.0753095429477,
        "4": 89.42365604590086,
        "5": 190.26732701491642,
        "6": 156.4545691895976,
        "7": 161.5945748022133,
        "8": 93.84386053891441,
        "9": 120.22053851681103,
        "10": 151.80670907334346,
        "11": 138.65639004699256,
        "12": 112.07647776081856,
        "13": 80.85853443616932,
        "14": 187.75896590573797,
        "15": 130.6125590589945,
        "16": 154.26296054959386,
        "17": 190.47503943661508,
        "18": 176.63372345620172,
        "19": 186.37524739055388,
        "20": 114.93754536051581,
        "21": 46.591889395635924,
        "22": 88.74291488527973,
        "23": 85.38642216896835,
        "24": 93.25702422246873
    },
    "Scenario5": {
        "Probability": 0.005307748284387811,
        "1": 52.7139022367997,
        "2": 116.05627513486333,
        "3": 201.39723356493656,
        "4": 120.19174872373398,
        "5": 139.02475026467286,
        "6": 182.70459909606905,
        "7": 137.00530329106175,
        "8": 173.27948611303935,
        "9": 145.1586223316775,
        "10": 151.80670907334346,
        "11": 83.8455374443859,
        "12": 88.67505124199614,
        "13": 155.7698047322217,
        "14": 118.18886698711142,
        "15": 79.822265465474,
        "16": 125.81984091460234,
        "17": 106.21279499439487,
        "18": 120.9733613416884,
        "19": 162.85261967291171,
        "20": 176.3728628068735,
        "21": 83.1941321156152,
        "22": 71.69331323069403,
        "23": 65.21602519334516,
        "24": 73.04324947358121
    },
    "Scenario6": {
        "Probability": 0.003741813099955336,
        "1": 52.7139022367997,
        "2": 93.95242719664112,
        "3": 235.73627155394212,
        "4": 150.9598414015671,
        "5": 139.02475026467286,
        "6": 156.4545691895976,
        "7": 137.00530329106175,
        "8": 173.27948611303935,
        "9": 145.1586223316775,
        "10": 210.0629386202715,
        "11": 111.25096374568923,
        "12": 112.07647776081856,
        "13": 80.85853443616932,
        "14": 164.56893293286245,
        "15": 79.822265465474,
        "16": 154.26296054959386,
        "17": 190.47503943661508,
        "18": 204.46390451345837,
        "19": 139.32999195526955,
        "20": 155.89442365808762,
        "21": 119.79637483559449,
        "22": 71.69331323069403,
        "23": 105.55681914459154,
        "24": 133.68457372024375
    },
    "Scenario7": {
        "Probability": 0.0037418130999553267,
        "1": 95.60319336346564,
        "2": 71.84857925841894,
        "3": 235.73627155394212,
        "4": 89.42365604590086,
        "5": 190.26732701491642,
        "6": 77.70447947018332,
        "7": 112.41603177991018,
        "8": 146.80094425499772,
        "9": 145.1586223316775,
        "10": 122.67859429987945,
        "11": 166.0618163482959,
        "12": 112.07647776081856,
        "13": 105.82895786818679,
        "14": 141.37889995998694,
        "15": 105.21741226223426,
        "16": 125.81984091460234,
        "17": 190.47503943661508,
        "18": 176.63372345620172,
        "19": 92.28473651998524,
        "20": 176.3728628068735,
        "21": 64.89301075562557,
        "22": 88.74291488527973,
        "23": 65.21602519334516,
        "24": 113.47079897135625
    },
    "Scenario8": {
        "Probability": 0.029896249546383015,
        "1": 95.60319336346564,
        "2": 93.95242719664112,
        "3": 235.73627155394212,
        "4": 89.42365604590086,
        "5": 87.78217351442929,
        "6": 130.20453928312617,
        "7": 87.82676026875862,
        "8": 199.758027971081,
        "9": 120.22053851681103,
        "10": 151.80670907334346,
        "11": 111.25096374568923,
        "12": 135.47790427964097,
        "13": 130.79938130020423,
        "14": 94.99883401423591,
        "15": 130.6125590589945,
        "16": 182.7060801845854,
        "17": 218.56245425068846,
        "18": 176.63372345620172,
        "19": 162.85261967291171,
        "20": 135.41598450930172,
        "21": 83.1941321156152,
        "22": 71.69331323069403,
        "23": 45.045628217721955,
        "24": 113.47079897135625
    },
    "Scenario9": {
        "Probability": 5.879254498891253e-05,
        "1": 74.15854780013265,
        "2": 116.05627513486333,
        "3": 201.39723356493656,
        "4": 150.9598414015671,
        "5": 139.02475026467286,
        "6": 103.95450937665474,
        "7": 137.00530329106175,
        "8": 199.758027971081,
        "9": 70.34437088707813,
        "10": 93.55047952641544,
        "11": 111.25096374568923,
        "12": 135.47790427964097,
        "13": 30.917687572134398,
        "14": 118.18886698711142,
        "15": 79.822265465474,
        "16": 211.14919981957695,
        "17": 218.56245425068846,
        "18": 176.63372345620172,
        "19": 139.32999195526955,
        "20": 135.41598450930172,
        "21": 119.79637483559449,
        "22": 71.69331323069403,
        "23": 105.55681914459154,
        "24": 113.47079897135625
    },
    "Scenario10": {
        "Probability": 0.0003315130122590278,
        "1": 52.7139022367997,
        "2": 93.95242719664112,
        "3": 235.73627155394212,
        "4": 150.9598414015671,