{
    "heat_demand": {
        "1": 53.9955548379377,
        "2": 62.63446794760584,
        "3": 117.96714356822358,
        "4": 76.96948856098527,
        "5": 77.02039847440128,
        "6": 74.84938140259251,
        "7": 81.62309187243272,
        "8": 83.51673593360302,
        "9": 78.08779330644343,
        "10": 67.5809212944397,
        "11": 63.813918620145245,
        "12": 60.36967413846714,
        "13": 57.56425658731211,
        "14": 60.98169097888706,
        "15": 67.50252070006975,
        "16": 76.73376262654419,
        "17": 77.28416391564672,
        "18": 81.38542782879757,
        "19": 70.93446945534811,
        "20": 62.05187233304367,
        "21": 44.91448763715436,
        "22": 46.51840604807517,
        "23": 45.53478271251954,
        "24": 47.58437895361071
    }
}