Scenario:,ObjectiveValue
Scenario1,-143.0276091584715
Scenario2,-144.7264640199715
Scenario3,-143.0492327494312
Scenario4,-145.05961620013176
Scenario5,-142.94420418060918
Scenario6,-144.5152071406328
Scenario7,-143.85326415598587
Scenario8,-144.2186157790473
Scenario9,-144.24785757830762
Scenario10,-143.5927317801151
