Scenario:,ObjectiveValue
Scenario1,-179.96100866391018
Scenario2,-179.18367532149395
Scenario3,-178.73387551220665
Scenario4,-179.77010978142698
Scenario5,-178.6728614961427
Scenario6,-178.92499694178792
Scenario7,-179.3704838377739
Scenario8,-178.28690994232983
Scenario9,-178.95908324672965
Scenario10,-178.75537234721887
