Scenario:,ObjectiveValue
Scenario1,-134.41025668500683
Scenario2,-136.10911154650682
Scenario3,-134.43188027596653
Scenario4,-136.44226372666708
Scenario5,-134.3268517071445
Scenario6,-135.89785466716813
Scenario7,-135.2359116825212
Scenario8,-135.60126330558262
Scenario9,-135.63050510484294
Scenario10,-134.9753793066504
