Scenario:,ObjectiveValue
Scenario1,-174.3096835182592
Scenario2,-173.53235017584296
Scenario3,-173.08255036655567
Scenario4,-174.118784635776
Scenario5,-173.02153635049171
Scenario6,-173.27367179613694
Scenario7,-173.7191586921229
Scenario8,-172.63558479667884
Scenario9,-173.30775810107866
Scenario10,-173.10404720156788
