Scenario:,ObjectiveValue
Scenario1,-278.60186118099887
Scenario2,-293.65104435718763
Scenario3,-305.8601751408083
Scenario4,-316.35108326727413
Scenario5,-297.0731353328284
Scenario6,-309.2824025867302
Scenario7,-302.9158521760789
Scenario8,-300.37618106608153
Scenario9,-273.90856603172
Scenario10,-317.8434181056668
