Scenario:,ObjectiveValue
Scenario1,-327.4399853788827
Scenario2,-327.56491650421515
Scenario3,-326.47605991409716
Scenario4,-327.7982650467139
Scenario5,-327.372454116767
Scenario6,-327.5048900065909
Scenario7,-327.215944546746
Scenario8,-327.40973292028605
Scenario9,-327.4396593873599
Scenario10,-327.37224336260476
