Scenario:,ObjectiveValue
Scenario1,-339.1244419132912
Scenario2,-340.43233868782085
Scenario3,-340.05567941530813
Scenario4,-339.47460408419585
Scenario5,-339.88229645642184
Scenario6,-340.26759929096556
Scenario7,-340.79817326651937
Scenario8,-339.83610291336487
Scenario9,-339.35225857765323
Scenario10,-340.06308909202966
