Scenario:,ObjectiveValue
Scenario1,-134.29832964096136
Scenario2,-133.11740775846965
Scenario3,-133.9902878433043
Scenario4,-132.67610668606105
Scenario5,-133.0303329084031
Scenario6,-133.41535401170137
Scenario7,-133.59926172881865
Scenario8,-134.04784035119096
Scenario9,-133.61073372726557
Scenario10,-132.5663841932945
