Scenario:,ObjectiveValue
Scenario1,-133.15806229561574
Scenario2,-144.3813424089917
Scenario3,-133.5320000056596
Scenario4,-134.51696732454008
Scenario5,-145.77679110759993
Scenario6,-145.12653296680625
Scenario7,-133.83959979500037
Scenario8,-143.60860863888317
Scenario9,-133.06551836869812
Scenario10,-144.29861928059597
