Scenario:,ObjectiveValue
Scenario1,5067.421712529358
Scenario2,4854.000353300999
Scenario3,4780.037494179543
