Scenario:,ObjectiveValue
Scenario1,-123.86080838196645
Scenario2,-125.08408849534244
Scenario3,-124.23474609201031
Scenario4,-125.2197134108908
Scenario5,-136.47953719395065
Scenario6,-135.82927905315697
Scenario7,-124.54234588135107
Scenario8,-124.31135472523387
Scenario9,-123.76826445504882
Scenario10,-135.0013653669467
