Scenario:,ObjectiveValue
Scenario1,-124.17425709633298
Scenario2,-135.39753720970896
Scenario3,-124.54819480637684
Scenario4,-125.53316212525733
Scenario5,-136.79298590831718
Scenario6,-136.1427277675235
Scenario7,-124.8557945957176
Scenario8,-134.6248034396004
Scenario9,-124.08171316941535
Scenario10,-135.31481408131322
