Scenario:,ObjectiveValue
Scenario1,-120.95649455557475
Scenario2,-122.17977466895074
Scenario3,-121.33043225570944
Scenario4,-122.3153995844991
Scenario5,-123.57522336755896
Scenario6,-122.92496522676528
Scenario7,-121.63803205495937
Scenario8,-121.40704089884217
Scenario9,-120.86395062865712
Scenario10,-122.09705153064581
