Scenario:,ObjectiveValue
Scenario1,-180.781456969652
Scenario2,-180.00412362723577
Scenario3,-179.55432381794847
Scenario4,-180.5905580871688
Scenario5,-179.49330980188452
Scenario6,-179.74544524752974
Scenario7,-180.1909321435157
Scenario8,-179.10735824807165
Scenario9,-179.77953155247147
Scenario10,-179.5758206529607
