Scenario:,ObjectiveValue
Scenario1,-139.7415254302694
Scenario2,-138.71066704215858
Scenario3,-138.38163238635605
Scenario4,-138.42010594051126
Scenario5,-139.35990568934287
Scenario6,-138.0006253008964
Scenario7,-137.8436719466591
Scenario8,-139.46514811121838
Scenario9,-138.4542550783618
Scenario10,-139.3391091673218
