Scenario:,ObjectiveValue
Scenario1,-134.16292733827024
Scenario2,-132.98200545577853
Scenario3,-133.85488554061317
Scenario4,-132.54070438336993
Scenario5,-132.89493060571198
Scenario6,-123.27995170901026
Scenario7,-133.46385942612753
Scenario8,-133.91243804849984
Scenario9,-133.47533142457445
Scenario10,-132.4309818906034
