Scenario:,ObjectiveValue
Scenario1,-134.68857750964975
Scenario2,-135.91185762302572
Scenario3,-135.0625152196936
Scenario4,-136.0474825385741
Scenario5,-137.30730632163394
Scenario6,-136.65704818084026
Scenario7,-135.37011500903435
Scenario8,-135.13912385291718
Scenario9,-134.59603358273213
Scenario10,-135.82913449462998
