Scenario:,ObjectiveValue
Scenario1,-139.7415243973404
Scenario2,-138.71066600922958
Scenario3,-138.38163135342705
Scenario4,-138.42010490758227
Scenario5,-139.35990465641387
Scenario6,-138.0006242679674
Scenario7,-137.8436709137301
Scenario8,-139.4651470782894
Scenario9,-138.4542540454328
Scenario10,-139.3391081343928
