Scenario:,ObjectiveValue
Scenario1,-335.68324419130755
Scenario2,-335.51694727027206
Scenario3,-335.5665155584127
Scenario4,-336.4670756166581
Scenario5,-336.0865980416637
Scenario6,-336.34178123185933
Scenario7,-335.6041831812597
Scenario8,-336.4978851673261
Scenario9,-336.6809185222462
Scenario10,-336.0559057420373
