Scenario:,ObjectiveValue
Scenario1,-327.4399853788813
Scenario2,-327.5649165042138
Scenario3,-326.4760599140958
Scenario4,-327.7982650467125
Scenario5,-327.37245411676565
Scenario6,-327.50489000658956
Scenario7,-327.21594454674465
Scenario8,-327.4097329202847
Scenario9,-327.4396593873585
Scenario10,-327.3722433626034
