Scenario:,ObjectiveValue
Scenario1,-134.41025668500689
Scenario2,-136.10911154650688
Scenario3,-134.4318802759666
Scenario4,-136.44226372666714
Scenario5,-134.32685170714456
Scenario6,-135.8978546671682
Scenario7,-135.23591168252125
Scenario8,-135.60126330558268
Scenario9,-135.630505104843
Scenario10,-134.97537930665047
