Scenario:,ObjectiveValue
Scenario1,2271.956424948541
Scenario2,2403.430751569009
Scenario3,2382.908508736492
Scenario4,2261.705358286974
Scenario5,2441.3961563150297
Scenario6,2404.4427885186783
Scenario7,2447.0891603715404
Scenario8,2413.2251150905304
Scenario9,2269.5321934684866
Scenario10,2340.361133661963
