Scenario:,ObjectiveValue
Scenario1,-137.2341759385217
Scenario2,-138.73914741378414
Scenario3,-138.9833116103357
Scenario4,-137.45245064038417
Scenario5,-138.00506480263235
Scenario6,-139.22088621592096
Scenario7,-137.27893700942656
Scenario8,-138.07468160906527
Scenario9,-137.82953972056367
Scenario10,-139.91056132675047
