Scenario:,ObjectiveValue
Scenario1,-128.0788858623065
Scenario2,-129.58385733756893
Scenario3,-129.82802153412047
Scenario4,-128.29716056416896
Scenario5,-128.84977472641714
Scenario6,-130.06559613970575
Scenario7,-128.12364693321135
Scenario8,-128.91939153285006
Scenario9,-128.67424964434846
Scenario10,-130.75527125053526
