Scenario:,ObjectiveValue
Scenario1,-134.4102566850118
Scenario2,-136.1091115465118
Scenario3,-134.4318802759715
Scenario4,-136.44226372667205
Scenario5,-134.32685170714947
Scenario6,-135.8978546671731
Scenario7,-135.23591168252617
Scenario8,-135.6012633055876
Scenario9,-135.6305051048479
Scenario10,-134.97537930665538
