Scenario:,ObjectiveValue
Scenario1,-138.9917121198455
Scenario2,-137.96085373173466
Scenario3,-137.63181907593213
Scenario4,-137.67029263008735
Scenario5,-138.61009237891895
Scenario6,-137.25081199047247
Scenario7,-137.09385863623518
Scenario8,-138.71533480079447
Scenario9,-137.70444176793788
Scenario10,-138.58929585689788
