Scenario:,ObjectiveValue
Scenario1,-139.52720927989753
Scenario2,-138.4963508917867
Scenario3,-138.16731623598417
Scenario4,-138.2057897901394
Scenario5,-139.145589538971
Scenario6,-137.78630915052452
Scenario7,-137.62935579628723
Scenario8,-139.2508319608465
Scenario9,-138.23993892798993
Scenario10,-139.12479301694992
