Scenario:,ObjectiveValue
Scenario1,-134.68857750965066
Scenario2,-135.91185762302663
Scenario3,-135.06251521969452
Scenario4,-136.047482538575
Scenario5,-137.30730632163485
Scenario6,-136.65704818084117
Scenario7,-135.37011500903526
Scenario8,-135.1391238529181
Scenario9,-134.59603358273304
Scenario10,-135.8291344946309
