Scenario:,ObjectiveValue
Scenario1,-317.6073737714761
Scenario2,-317.88610091849495
Scenario3,-317.1393987143616
Scenario4,-317.64566349108185
Scenario5,-316.28870342134155
Scenario6,-318.34573584048894
Scenario7,-316.76959943737654
Scenario8,-317.7428489033906
Scenario9,-318.1140982125894
Scenario10,-317.6579016623584
