Scenario:,ObjectiveValue
Scenario1,-179.21364985726032
Scenario2,-178.5599260376523
Scenario3,-178.6951476546573
Scenario4,-179.27780373944287
Scenario5,-179.7454515625957
Scenario6,-179.73879126570102
Scenario7,-178.6372043693113
Scenario8,-178.5235485042444
Scenario9,-178.41544020922706
Scenario10,-178.6244522906389
