Scenario:,ObjectiveValue
Scenario1,-363.88649734259724
Scenario2,-363.72020042156174
Scenario3,-363.76976870970236
Scenario4,-364.6703287679478
Scenario5,-364.2898511929534
Scenario6,-364.545034383149
Scenario7,-363.8074363325494
Scenario8,-364.7011383186158
Scenario9,-364.8841716735359
Scenario10,-364.25915889332697
