Scenario:,ObjectiveValue
Scenario1,-332.6806133987505
Scenario2,-332.514316477715
Scenario3,-332.5638847658556
Scenario4,-333.46444482410107
Scenario5,-333.08396724910665
Scenario6,-333.3391504393023
Scenario7,-332.60155238870266
Scenario8,-333.49525437476905
Scenario9,-333.67828772968915
Scenario10,-333.0532749494802
