Scenario:,ObjectiveValue
Scenario1,-297.17445459134484
Scenario2,-297.1001307599075
Scenario3,-296.41578226583897
Scenario4,-296.2552760598008
Scenario5,-296.5532637680228
Scenario6,-297.36362350026496
Scenario7,-295.3343312561834
Scenario8,-296.60658458612335
Scenario9,-296.174793685458
Scenario10,-296.479288604291
