Scenario:,ObjectiveValue
Scenario1,-137.23417593852864
Scenario2,-138.73914741379107
Scenario3,-138.98331161034264
Scenario4,-137.4524506403911
Scenario5,-138.00506480263928
Scenario6,-139.2208862159279
Scenario7,-137.2789370094335
Scenario8,-138.0746816090722
Scenario9,-137.8295397205706
Scenario10,-139.9105613267574
