Scenario:,ObjectiveValue
Scenario1,-183.03007317237353
Scenario2,-182.2527398299573
Scenario3,-181.80294002067
Scenario4,-182.83917428989034
Scenario5,-181.74192600460606
Scenario6,-181.99406146016045
Scenario7,-182.43954834623725
Scenario8,-181.35597445079318
Scenario9,-182.028147755193
Scenario10,-181.82443685568222
