Scenario:,ObjectiveValue
Scenario1,-180.7814573603735
Scenario2,-180.00412401795728
Scenario3,-179.55432420866998
Scenario4,-180.5905584778903
Scenario5,-179.49331019260603
Scenario6,-179.74544563825125
Scenario7,-180.19093253423722
Scenario8,-179.10735863879316
Scenario9,-179.77953194319298
Scenario10,-179.5758210436822
