Scenario:,ObjectiveValue
Scenario1,-134.16292945558536
Scenario2,-132.98200757309365
Scenario3,-133.8548876579283
Scenario4,-132.54070650068505
Scenario5,-132.8949327230271
Scenario6,-123.27995382632538
Scenario7,-133.46386154344265
Scenario8,-133.91244016581496
Scenario9,-133.47533354188957
Scenario10,-132.4309840079185
