Scenario:,ObjectiveValue
Scenario1,-8.386363200293218
Scenario2,-69.06997461210332
Scenario3,-125.16415720303931
Scenario4,-113.27020453754784
Scenario5,-115.14360837786765
Scenario6,-63.569138691696665
Scenario7,-103.24893664375108
Scenario8,-84.37835295042132
Scenario9,-101.5438735589022
Scenario10,-83.09717322449745
