Scenario:,ObjectiveValue
Scenario1,-172.23299575197612
Scenario2,-140.96346250948142
Scenario3,-149.99302148003054
Scenario4,-159.2469284878355
Scenario5,-146.37617749131172
Scenario6,-146.86899505516973
Scenario7,-136.33424874502285
Scenario8,-146.44245498479253
Scenario9,-171.2310703347956
Scenario10,-145.7196704594591
