Scenario:,ObjectiveValue
Scenario1,-137.47108064517826
Scenario2,-138.9760521204407
Scenario3,-139.22021631699226
Scenario4,-137.68935534704073
Scenario5,-138.2419695092889
Scenario6,-139.45779092257752
Scenario7,-137.51584171608312
Scenario8,-138.31158631572183
Scenario9,-138.06644442722023
Scenario10,-140.14746603340703
