Scenario:,ObjectiveValue
Scenario1,-131.93799841285576
Scenario2,-133.63685327435576
Scenario3,-131.95962200381547
Scenario4,-133.970005454516
Scenario5,-131.85459343499343
Scenario6,-133.42559639501707
Scenario7,-132.76365341037013
Scenario8,-133.12900503343155
Scenario9,-133.15824683269187
Scenario10,-132.50312103449934
