Scenario:,ObjectiveValue
Scenario1,-137.23418035270515
Scenario2,-138.7391518279676
Scenario3,-138.98331602451913
Scenario4,-137.45245505456762
Scenario5,-138.0050692168158
Scenario6,-139.2208906301044
Scenario7,-137.27894142361
Scenario8,-138.07468602324872
Scenario9,-137.82954413474712
Scenario10,-139.91056574093392
