Scenario:,ObjectiveValue
Scenario1,-183.4992829935447
Scenario2,-182.72194965112848
Scenario3,-182.27214984184118
Scenario4,-183.3083841110615
Scenario5,-182.21113582577723
Scenario6,-182.46327127142246
Scenario7,-182.90875816740842
Scenario8,-181.82518427196436
Scenario9,-182.49735757636418
Scenario10,-182.2936466768534
