Scenario:,ObjectiveValue
Scenario1,-293.1729561175379
Scenario2,-292.1857928946781
Scenario3,-293.19358176313784
Scenario4,-294.5841139107813
Scenario5,-293.16525956427097
Scenario6,-294.9911421153078
Scenario7,-293.0253916123282
Scenario8,-293.63323076746804
Scenario9,-293.5552128826326
Scenario10,-293.4027672428468
