Scenario:,ObjectiveValue
Scenario1,2117.0437098641123
Scenario2,2300.569430947002
Scenario3,2101.210293278188
Scenario4,2008.699061453855
Scenario5,2043.2375242002008
Scenario6,2176.943897276632
Scenario7,2179.519937124759
Scenario8,2140.26748622708
Scenario9,2064.7078302429954
Scenario10,2129.5852774759
