Scenario:,ObjectiveValue
Scenario1,2086477.7341362212
Scenario2,2086264.312776993
Scenario3,2086190.3499178714
