Scenario:,ObjectiveValue
Scenario1,-151.86383578212346
Scenario2,-150.68291389963176
Scenario3,-151.5557939844664
Scenario4,-150.24161282722315
Scenario5,-150.5958390495652
Scenario6,-140.98086015286347
Scenario7,-151.16476786998075
Scenario8,-151.61334649235306
Scenario9,-151.17623986842767
Scenario10,-150.1318903344566
