Scenario:,ObjectiveValue
Scenario1,-130.79681203912216
Scenario2,-132.49566690062215
Scenario3,-130.81843563008186
Scenario4,-132.8288190807824
Scenario5,-130.71340706125983
Scenario6,-132.28441002128346
Scenario7,-131.62246703663652
Scenario8,-131.98781865969795
Scenario9,-132.01706045895827
Scenario10,-131.36193466076574
