Scenario:,ObjectiveValue
Scenario1,-345.57804463493267
Scenario2,-345.8567717819515
Scenario3,-345.1100695778182
Scenario4,-345.6163343545384
Scenario5,-344.2593742847981
Scenario6,-346.3164067039455
Scenario7,-344.7402703008331
Scenario8,-340.71351977675636
Scenario9,-346.084769076046
Scenario10,-345.628572525815
