Scenario:,ObjectiveValue
Scenario1,-363.88649734259
Scenario2,-363.7202004215545
Scenario3,-363.76976870969514
Scenario4,-364.6703287679406
Scenario5,-364.2898511929462
Scenario6,-364.5450343831418
Scenario7,-363.8074363325422
Scenario8,-364.70113831860857
Scenario9,-364.88417167352867
Scenario10,-364.25915889331975
