Scenario:,ObjectiveValue
Scenario1,-268.1980061195465
Scenario2,-268.12368228810914
Scenario3,-267.43933379404064
Scenario4,-267.27882758800246
Scenario5,-267.5768152962245
Scenario6,-268.38717502846663
Scenario7,-266.3578827843851
Scenario8,-267.630136114325
Scenario9,-267.19834521365965
Scenario10,-267.5028401324927
