Scenario:,ObjectiveValue
Scenario1,-134.42761002498105
Scenario2,-135.65089013835703
Scenario3,-134.8015477350249
Scenario4,-135.7865150539054
Scenario5,-137.04633883696525
Scenario6,-136.39608069617157
Scenario7,-135.10914752436565
Scenario8,-134.87815636824848
Scenario9,-134.33506609806344
Scenario10,-135.5681670099613
