Scenario:,ObjectiveValue
Scenario1,-93.0334968503277
Scenario2,-89.07737261498639
Scenario3,-84.28397351021047
Scenario4,-116.94318627704558
Scenario5,-84.39229106617586
Scenario6,-93.18035996164801
Scenario7,-107.42312591174395
Scenario8,-86.8125444835781
Scenario9,-123.09084571036635
Scenario10,-112.90184450847471
