Scenario:,ObjectiveValue
Scenario1,-252.80694286436548
Scenario2,-287.7861783789529
Scenario3,-261.6417010319891
Scenario4,-273.9546038239304
Scenario5,-274.66837584485836
Scenario6,-272.9158173586001
Scenario7,-276.34112119853876
Scenario8,-287.2926322051688
Scenario9,-250.45089940103338
Scenario10,-280.50540480549427
