Scenario:,ObjectiveValue
Scenario1,-175.6677315579922
Scenario2,-174.89039821557597
Scenario3,-174.44059840628867
Scenario4,-175.476832675509
Scenario5,-174.37958439022472
Scenario6,-174.63171983586994
Scenario7,-175.0772067318559
Scenario8,-173.99363283641185
Scenario9,-174.66580614081167
Scenario10,-174.4620952413009
