Scenario:,ObjectiveValue
Scenario1,-172.55349473864416
Scenario2,-171.89977091903614
Scenario3,-172.03499253604113
Scenario4,-172.6176486208267
Scenario5,-173.08529644397953
Scenario6,-173.07863614708486
Scenario7,-171.97704925069513
Scenario8,-171.86339338562823
Scenario9,-171.7552850906109
Scenario10,-171.96429717202275
