Scenario:,ObjectiveValue
Scenario1,-125.09133042260332
Scenario2,-125.38031394956046
Scenario3,-124.21067165815381
Scenario4,-125.2913717982283
Scenario5,-125.42593782057814
Scenario6,-125.01575505611883
Scenario7,-124.81767487953995
Scenario8,-125.54090707814787
Scenario9,-124.76144314538014
Scenario10,-125.08788779643933
