Scenario:,ObjectiveValue
Scenario1,-363.7654356370087
Scenario2,-363.5991387159732
Scenario3,-363.6487070041138
Scenario4,-364.54926706235926
Scenario5,-364.16878948736485
Scenario6,-364.42397267756047
Scenario7,-363.68637462696086
Scenario8,-364.58007661302725
Scenario9,-364.76310996794734
Scenario10,-364.1380971877384
