Scenario:,ObjectiveValue
Scenario1,-129.17425709632835
Scenario2,-135.39753720970432
Scenario3,-129.5481948063722
Scenario4,-130.5331621252527
Scenario5,-136.79298590831255
Scenario6,-136.14272776751886
Scenario7,-129.85579459571295
Scenario8,-134.62480343959578
Scenario9,-129.08171316941073
Scenario10,-135.31481408130858
