Scenario:,ObjectiveValue
Scenario1,2953.5389771990426
Scenario2,2963.1389771990425
Scenario3,2943.9389771990427
