Scenario:,ObjectiveValue
Scenario1,-345.57625447347596
Scenario2,-345.8549816204948
Scenario3,-345.1082794163615
Scenario4,-345.6145441930817
Scenario5,-344.2575841233414
Scenario6,-346.3146165424888
Scenario7,-344.7384801393764
Scenario8,-345.71172961529965
Scenario9,-346.08297891458926
Scenario10,-345.6267823643583
