Scenario:,ObjectiveValue
Scenario1,-139.52720959180797
Scenario2,-138.49635120369715
Scenario3,-138.16731654789461
Scenario4,-138.20579010204983
Scenario5,-139.14558985088144
Scenario6,-137.78630946243496
Scenario7,-137.62935610819767
Scenario8,-139.25083227275695
Scenario9,-138.23993923990037
Scenario10,-139.12479332886036
