Scenario:,ObjectiveValue
Scenario1,-298.6781072290097
Scenario2,-298.80303835434216
Scenario3,-297.71418176422424
Scenario4,-299.0363868968409
Scenario5,-298.61057596689403
Scenario6,-298.74301185671794
Scenario7,-298.45406639687303
Scenario8,-298.64785477041306
Scenario9,-298.6777812374869
Scenario10,-298.6103652127318
