Scenario:,ObjectiveValue
Scenario1,-297.14719489113935
Scenario2,-297.072871059702
Scenario3,-296.3885225656335
Scenario4,-296.2280163595953
Scenario5,-296.5260040678173
Scenario6,-297.3363638000595
Scenario7,-295.3070715559779
Scenario8,-296.57932488591786
Scenario9,-296.1475339852525
Scenario10,-296.4520289040855
