Scenario:,ObjectiveValue
Scenario1,-297.1744545913456
Scenario2,-297.1001307599082
Scenario3,-296.4157822658397
Scenario4,-296.25527605980153
Scenario5,-296.55326376802356
Scenario6,-297.3636235002657
Scenario7,-295.33433125618416
Scenario8,-296.6065845861241
Scenario9,-296.1747936854587
Scenario10,-296.47928860429175
