Scenario:,ObjectiveValue
Scenario1,-137.2341803525827
Scenario2,-138.73915182784515
Scenario3,-138.9833160243967
Scenario4,-137.45245505444518
Scenario5,-138.00506921669336
Scenario6,-139.22089062998197
Scenario7,-137.27894142348757
Scenario8,-138.07468602312628
Scenario9,-137.82954413462468
Scenario10,-139.91056574081148
