Scenario:,ObjectiveValue
Scenario1,4887.351232443725
Scenario2,4673.929873215371
Scenario3,4599.967014093914
