Scenario:,ObjectiveValue
Scenario1,-195.99992332697892
Scenario2,-195.3461995073709
Scenario3,-195.48142112437588
Scenario4,-196.06407720916147
Scenario5,-196.53172503231428
Scenario6,-196.52506473541962
Scenario7,-195.42347783902989
Scenario8,-195.30982197396298
Scenario9,-195.20171367894565
Scenario10,-195.4107257603575
