Scenario:,ObjectiveValue
Scenario1,-179.21364788535612
Scenario2,-178.5599240657481
Scenario3,-178.6951456827531
Scenario4,-179.27780176753868
Scenario5,-179.7454495906915
Scenario6,-179.73878929379683
Scenario7,-178.6372023974071
Scenario8,-178.5235465323402
Scenario9,-178.41543823732286
Scenario10,-178.62445031873472
