Scenario:,ObjectiveValue
Scenario1,-137.47108029627407
Scenario2,-138.9760517715365
Scenario3,-139.22021596808804
Scenario4,-137.68935499813654
Scenario5,-138.2419691603847
Scenario6,-139.45779057367332
Scenario7,-137.51584136717892
Scenario8,-138.31158596681763
Scenario9,-138.06644407831604
Scenario10,-140.14746568450283
