Scenario:,ObjectiveValue
Scenario1,-179.14345413084382
Scenario2,-178.4897303112358
Scenario3,-178.6249519282408
Scenario4,-179.20760801302637
Scenario5,-179.6752558361792
Scenario6,-179.66859553928452
Scenario7,-178.5670086428948
Scenario8,-178.4533527778279
Scenario9,-178.34524448281056
Scenario10,-178.5542565642224
