Scenario:,ObjectiveValue
Scenario1,-180.22771299367037
Scenario2,-179.57398917406235
Scenario3,-179.70921079106733
Scenario4,-180.29186687585292
Scenario5,-180.75951469900573
Scenario6,-180.75285440211107
Scenario7,-179.65126750572134
Scenario8,-179.53761164065443
Scenario9,-179.4295033456371
Scenario10,-179.63851542704896
