Scenario:,ObjectiveValue
Scenario1,-344.55671645352686
Scenario2,-344.0920564062022
Scenario3,-343.70606305474445
Scenario4,-344.86095138752756
Scenario5,-344.55262467258325
Scenario6,-343.68858365719746
Scenario7,-344.93012516946925
Scenario8,-344.9422410461349
Scenario9,-344.4444895984325
Scenario10,-344.6818907712163
