Scenario:,ObjectiveValue
Scenario1,-152.287755668458
Scenario2,-151.25689728034718
Scenario3,-150.92786262454464
Scenario4,-150.96633617869986
Scenario5,-151.90613592753147
Scenario6,-150.546855539085
Scenario7,-150.3899021848477
Scenario8,-152.01137834940698
Scenario9,-151.0004853165504
Scenario10,-151.8853394055104
