Scenario:,ObjectiveValue
Scenario1,-168.49482985208158
Scenario2,-167.84110604004454
Scenario3,-167.97632769889262
Scenario4,-168.55898381035695
Scenario5,-169.02663145726916
Scenario6,-169.01997134117883
Scenario7,-167.91838440136772
Scenario8,-167.8047285327762
Scenario9,-167.69662018876687
Scenario10,-167.9056322934045
