Scenario:,ObjectiveValue
Scenario1,-326.9158091221305
Scenario2,-327.04074024746296
Scenario3,-325.951883657345
Scenario4,-327.2740887899617
Scenario5,-326.84827786001483
Scenario6,-326.98071374983874
Scenario7,-326.69176828999383
Scenario8,-326.88555666353386
Scenario9,-326.9154831306077
Scenario10,-326.8480671058526
