Scenario:,ObjectiveValue
Scenario1,-296.1622840309775
Scenario2,-296.08796019954013
Scenario3,-295.40361170547163
Scenario4,-295.24310549943345
Scenario5,-295.5410932076555
Scenario6,-296.3514529398976
Scenario7,-294.3221606958161
Scenario8,-295.594414025756
Scenario9,-295.16262312509065
Scenario10,-295.4671180439237
