Scenario:,ObjectiveValue
Scenario1,2281.0525747632128
Scenario2,2412.5269013836805
Scenario3,2392.0046585511636
Scenario4,2270.801508101645
Scenario5,2450.4923061297013
Scenario6,2413.5389383333495
Scenario7,2456.1853101862116
Scenario8,2422.3212649052016
Scenario9,2278.628343283158
Scenario10,2349.457283476634
