Scenario:,ObjectiveValue
Scenario1,-76.56201262707702
Scenario2,-122.45794557474738
Scenario3,-101.40554860530095
Scenario4,-94.07177383315357
Scenario5,-72.96562367396416
Scenario6,-120.959802725206
Scenario7,-88.11704761170697
Scenario8,-116.81437824603455
Scenario9,-116.09136897961038
Scenario10,-126.79741254216759
