Scenario:,ObjectiveValue
Scenario1,-327.4399853788801
Scenario2,-327.5649165042126
Scenario3,-326.4760599140946
Scenario4,-327.7982650467113
Scenario5,-327.37245411676446
Scenario6,-327.50489000658837
Scenario7,-327.21594454674346
Scenario8,-327.4097329202835
Scenario9,-327.4396593873573
Scenario10,-327.3722433626022
