Scenario:,ObjectiveValue
Scenario1,-134.4102565665396
Scenario2,-136.10911134369636
Scenario3,-134.43188017965892
Scenario4,-136.44226363977785
Scenario5,-134.32685153009038
Scenario6,-135.89785455885215
Scenario7,-135.2359112829603
Scenario8,-135.6012631485415
Scenario9,-135.6305048578493
Scenario10,-134.97537911725632
