Scenario:,ObjectiveValue
Scenario1,-313.534879657714
Scenario2,-331.18825157911044
Scenario3,-296.167059475651
Scenario4,-336.9437503511755
Scenario5,-283.82261314421726
Scenario6,-337.6438227005826
Scenario7,-290.60960688930226
Scenario8,-326.5123663539048
Scenario9,-315.0512740223278
Scenario10,-315.8949200982959
