Scenario:,ObjectiveValue
Scenario1,-345.90046494959023
Scenario2,-346.1791920966091
Scenario3,-345.43248989247576
Scenario4,-345.938754669196
Scenario5,-344.5817945994557
Scenario6,-346.6388270186031
Scenario7,-345.0626906154907
Scenario8,-346.03594008150475
Scenario9,-346.40718939070354
Scenario10,-345.95099284047257
