Scenario:,ObjectiveValue
Scenario1,-180.22771375711315
Scenario2,-179.57398993750513
Scenario3,-179.70921155451012
Scenario4,-180.2918676392957
Scenario5,-180.75951546244852
Scenario6,-180.75285516555385
Scenario7,-179.65126826916412
Scenario8,-179.53761240409722
Scenario9,-179.4295041090799
Scenario10,-179.63851619049174
