Scenario:,ObjectiveValue
Scenario1,-134.23934889183295
Scenario2,-133.05842700934124
Scenario3,-133.93130709417588
Scenario4,-132.61712593693264
Scenario5,-132.9713521592747
Scenario6,-133.35637326257296
Scenario7,-133.54028097969024
Scenario8,-133.98885960206255
Scenario9,-133.55175297813716
Scenario10,-132.5074034441661
