Scenario:,ObjectiveValue
Scenario1,-149.2710247093859
Scenario2,-150.77599618464833
Scenario3,-151.0201603811999
Scenario4,-149.48929941124837
Scenario5,-150.04191357349654
Scenario6,-151.25773498678515
Scenario7,-149.31578578029075
Scenario8,-150.11153037992946
Scenario9,-149.86638849142787
Scenario10,-151.94741009761466
