Scenario:,ObjectiveValue
Scenario1,-363.88649734258945
Scenario2,-363.72020042155395
Scenario3,-363.76976871960375
Scenario4,-364.67032876794
Scenario5,-364.2898511929456
Scenario6,-364.5450343831412
Scenario7,-363.8074363325416
Scenario8,-364.701138318608
Scenario9,-364.8841716735281
Scenario10,-364.2591588933192
