Scenario:,ObjectiveValue
Scenario1,-126.68136068194086
Scenario2,-128.1863321506401
Scenario3,-128.4304963294185
Scenario4,-126.89963534417224
Scenario5,-127.45224954360522
Scenario6,-128.66807090408562
Scenario7,-126.72612173844168
Scenario8,-127.52186633994484
Scenario9,-127.27672444809343
Scenario10,-129.35774606602843
