Scenario:,ObjectiveValue
Scenario1,-297.1471948911492
Scenario2,-297.0728710597118
Scenario3,-296.3885225656433
Scenario4,-296.22801635960514
Scenario5,-296.52600406782716
Scenario6,-297.3363638000693
Scenario7,-295.30707155598776
Scenario8,-296.5793248859277
Scenario9,-296.1475339852623
Scenario10,-296.45202890409536
