Scenario:,ObjectiveValue
Scenario1,-180.22771288929735
Scenario2,-179.57398906968933
Scenario3,-179.70921068669432
Scenario4,-180.2918667714799
Scenario5,-180.75951459463272
Scenario6,-180.75285429773805
Scenario7,-179.65126740134832
Scenario8,-179.53761153628142
Scenario9,-179.4295032412641
Scenario10,-179.63851532267594
