Scenario:,ObjectiveValue
Scenario1,-352.61993580656645
Scenario2,-336.8839055906751
Scenario3,-327.59065455265215
Scenario4,-317.41642652690115
Scenario5,-345.40866529888945
Scenario6,-348.4935781166017
Scenario7,-333.52526233002504
Scenario8,-341.59966440171013
Scenario9,-342.0621143531303
Scenario10,-346.1435466343986
