Scenario:,ObjectiveValue
Scenario1,-134.41025668500714
Scenario2,-136.10911154650714
Scenario3,-134.43188027596685
Scenario4,-136.4422637266674
Scenario5,-134.3268517071448
Scenario6,-135.89785466716845
Scenario7,-135.2359116825215
Scenario8,-135.60126330558293
Scenario9,-135.63050510484325
Scenario10,-134.97537930665072
