Scenario:,ObjectiveValue
Scenario1,-125.09133042260324
Scenario2,-125.38031394956037
Scenario3,-124.21067165815373
Scenario4,-125.29137179822821
Scenario5,-125.42593782057806
Scenario6,-125.01575505611875
Scenario7,-124.81767487953987
Scenario8,-125.54090707814778
Scenario9,-124.76144314538006
Scenario10,-125.08788779643925
