Scenario:,ObjectiveValue
Scenario1,-134.05257290304286
Scenario2,-135.75142776454285
Scenario3,-134.07419649400256
Scenario4,-136.0845799447031
Scenario5,-133.96916792518053
Scenario6,-135.54017088520416
Scenario7,-134.87822790055722
Scenario8,-135.24357952361865
Scenario9,-135.27282132287897
Scenario10,-134.61769552468644
