Scenario:,ObjectiveValue
Scenario1,-363.70585755902096
Scenario2,-363.53956063798546
Scenario3,-363.5891289261261
Scenario4,-364.4896889843715
Scenario5,-364.1092114093771
Scenario6,-364.36439459957273
Scenario7,-363.6267965489731
Scenario8,-364.5204985350395
Scenario9,-364.7035318899596
Scenario10,-364.0785191097507
