Scenario:,ObjectiveValue
Scenario1,-183.49928258629052
Scenario2,-182.7219492438743
Scenario3,-182.272149434587
Scenario4,-183.30838370380732
Scenario5,-182.21113541852304
Scenario6,-182.46327086416827
Scenario7,-182.90875776015423
Scenario8,-181.82518386471017
Scenario9,-182.49735716911
Scenario10,-182.2936462695992
