Scenario:,ObjectiveValue
Scenario1,111.06557639657882
Scenario2,242.53990301704658
Scenario3,222.0176601845297
Scenario4,100.8145097350116
Scenario5,280.5053077630674
Scenario6,243.55193996671568
Scenario7,286.1983118195779
Scenario8,252.33426653856776
