Scenario:,ObjectiveValue
Scenario1,-167.60080457522838
Scenario2,-158.13041120490834
Scenario3,-131.04041323954522
Scenario4,-153.39046230002955
Scenario5,-152.2728165507345
Scenario6,-142.91514788576362
Scenario7,-170.0283442713701
Scenario8,-157.48379302741404
Scenario9,-162.22936011943105
Scenario10,-140.64637395224355
