Scenario:,ObjectiveValue
Scenario1,-268.1980061195473
Scenario2,-268.12368228810993
Scenario3,-267.43933379404143
Scenario4,-267.27882758800325
Scenario5,-267.5768152962253
Scenario6,-268.3871750284674
Scenario7,-266.3578827843859
Scenario8,-267.6301361143258
Scenario9,-267.19834521366045
Scenario10,-267.5028401324935
