Scenario:,ObjectiveValue
Scenario1,5357.331605271392
Scenario2,5143.910246043038
Scenario3,5069.947386921581
