Scenario:,ObjectiveValue
Scenario1,-139.24513376550405
Scenario2,-138.21427537739322
Scenario3,-137.8852407215907
Scenario4,-137.9237142757459
Scenario5,-138.8635140245775
Scenario6,-137.50423363613103
Scenario7,-137.34728028189375
Scenario8,-138.96875644645303
Scenario9,-137.95786341359644
Scenario10,-138.84271750255644
