Scenario:,ObjectiveValue
Scenario1,-317.4275954970555
Scenario2,-317.70632264407436
Scenario3,-316.95962043994103
Scenario4,-317.46588521666126
Scenario5,-316.10892514692097
Scenario6,-318.16595756606836
Scenario7,-316.58982116295596
Scenario8,-317.56307062897
Scenario9,-317.9343199381688
Scenario10,-317.47812338793784
