Scenario:,ObjectiveValue
Scenario1,-345.57804463493306
Scenario2,-345.8567717819519
Scenario3,-345.1100695778186
Scenario4,-345.6163343545388
Scenario5,-344.2593742847985
Scenario6,-346.3164067039459
Scenario7,-344.7402703008335
Scenario8,-335.71351977675675
Scenario9,-346.08476907604637
Scenario10,-345.6285725258154
