Scenario:,ObjectiveValue
Scenario1,-345.57625447348437
Scenario2,-345.8549816205032
Scenario3,-345.1082794163699
Scenario4,-345.6145441930901
Scenario5,-344.25758412334983
Scenario6,-346.3146165424972
Scenario7,-344.7384801393848
Scenario8,-345.71172961530806
Scenario9,-346.0829789145977
Scenario10,-345.6267823643667
