Scenario:,ObjectiveValue
Scenario1,2791.6112360987186
Scenario2,2801.2112360987185
Scenario3,2782.0112360987187
